fighter_a,fighter_b,date,age_diff,height_diff,reach_diff,leg_reach_diff,slpm_diff,sapm_diff,str_acc_diff,td_avg_diff,td_acc_diff,sub_avg_diff,win_rate_diff,total_fights_diff,ko_rate_diff,sub_rate_diff,label
Islam Makhachev,Renato Moicano,"Jan. 18, 2025",-3.0,-1.0,-1.5,-2.0,-1.6499999999999995,-2.0999999999999996,0.0923143755622362,1.4200000000000002,0.06269757639620652,0.41999999999999993,0.24137931034482762,0.0,0.08333333333333334,-0.059523809523809534,1
Renato Moicano,Islam Makhachev,"Jan. 18, 2025",3.0,1.0,1.5,2.0,1.6499999999999995,2.0999999999999996,-0.0923143755622362,-1.4200000000000002,-0.06269757639620652,-0.41999999999999993,-0.24137931034482762,0.0,-0.08333333333333334,0.059523809523809534,0
Islam Makhachev,Alexander Volkanovski,"Oct. 21, 2023",-3.0,4.0,-1.0,4.5,-3.54,-1.86,0.013223441279276993,1.4700000000000002,0.013133738172574488,0.78,0.09051724137931039,-3.0,-0.2857142857142857,0.35714285714285715,1
Alexander Volkanovski,Islam Makhachev,"Oct. 21, 2023",3.0,-4.0,1.0,-4.5,3.54,1.86,-0.013223441279276993,-1.4700000000000002,-0.013133738172574488,-0.78,-0.09051724137931039,3.0,0.2857142857142857,-0.35714285714285715,0
Islam Makhachev,Alexander Volkanovski,"Feb. 11, 2023",-3.0,4.0,-1.0,4.5,-3.54,-1.86,0.013223441279276993,1.4700000000000002,0.013133738172574488,0.78,0.09051724137931039,-3.0,-0.2857142857142857,0.35714285714285715,1
Alexander Volkanovski,Islam Makhachev,"Feb. 11, 2023",3.0,-4.0,1.0,-4.5,3.54,1.86,-0.013223441279276993,-1.4700000000000002,-0.013133738172574488,-0.78,-0.09051724137931039,3.0,0.2857142857142857,-0.35714285714285715,0
Islam Makhachev,Charles Oliveira,"Oct. 22, 2022",-2.0,0.0,-3.5,-0.5,-0.7799999999999998,-1.5999999999999999,0.028069127823246443,0.81,-0.05200630379439933,-1.6099999999999999,0.19468390804597702,-19.0,-0.09169884169884171,-0.13030888030888033,1
Charles Oliveira,Islam Makhachev,"Oct. 22, 2022",2.0,0.0,3.5,0.5,0.7799999999999998,1.5999999999999999,-0.028069127823246443,-0.81,0.05200630379439933,1.6099999999999999,-0.19468390804597702,19.0,0.09169884169884171,0.13030888030888033,0
Islam Makhachev,Dan Hooker,"Oct. 30, 2021",-2.0,-2.0,-4.5,-2.0,-2.37,-3.49,0.09743506249530348,2.42,0.087173100871731,0.41999999999999993,0.33393829401088937,-9.0,-0.27976190476190477,0.17261904761904762,1
Dan Hooker,Islam Makhachev,"Oct. 30, 2021",2.0,2.0,4.5,2.0,2.37,3.49,-0.09743506249530348,-2.42,-0.087173100871731,-0.41999999999999993,-0.33393829401088937,9.0,0.27976190476190477,-0.17261904761904762,0
Islam Makhachev,Arman Tsarukyan,"Apr. 20, 2019",5.0,3.0,-2.0,1.0,-1.4,-0.3500000000000001,0.08389604313104138,-0.1599999999999997,0.1427880741337631,0.88,0.0809018567639258,3.0,-0.2127329192546584,0.203416149068323,1
Arman Tsarukyan,Islam Makhachev,"Apr. 20, 2019",-5.0,-3.0,2.0,-1.0,1.4,0.3500000000000001,-0.08389604313104138,0.1599999999999997,-0.1427880741337631,-0.88,-0.0809018567639258,-3.0,0.2127329192546584,-0.203416149068323,0
Alexander Volkanovski,Diego Lopes,"Jan. 31, 2026",6.0,-5.0,-1.0,-5.0,2.2,-1.3400000000000003,0.09948964197349935,0.8099999999999999,0.0,-1.1,0.09722222222222221,-4.0,0.035714285714285754,-0.3214285714285714,1
Diego Lopes,Alexander Volkanovski,"Jan. 31, 2026",-6.0,5.0,1.0,5.0,-2.2,1.3400000000000003,-0.09948964197349935,-0.8099999999999999,0.0,1.1,-0.09722222222222221,4.0,-0.035714285714285754,0.3214285714285714,0
Alexander Volkanovski,Diego Lopes,"Apr. 12, 2025",6.0,-5.0,-1.0,-5.0,2.2,-1.3400000000000003,0.09948964197349935,0.8099999999999999,0.0,-1.1,0.09722222222222221,-4.0,0.035714285714285754,-0.3214285714285714,1
Diego Lopes,Alexander Volkanovski,"Apr. 12, 2025",-6.0,5.0,1.0,5.0,-2.2,1.3400000000000003,-0.09948964197349935,-0.8099999999999999,0.0,1.1,-0.09722222222222221,4.0,-0.035714285714285754,0.3214285714285714,0
Ilia Topuria,Alexander Volkanovski,"Feb. 17, 2024",-8.0,1.0,-2.5,1.0,-1.17,0.6600000000000001,-0.07011590412629742,0.10000000000000009,0.07314678448699066,0.6599999999999999,0.06944444444444442,-14.0,-0.05252100840336138,0.3634453781512605,1
Alexander Volkanovski,Ilia Topuria,"Feb. 17, 2024",8.0,-1.0,2.5,-1.0,1.17,-0.6600000000000001,0.07011590412629742,-0.10000000000000009,-0.07314678448699066,-0.6599999999999999,-0.06944444444444442,14.0,0.05252100840336138,-0.3634453781512605,0
Alexander Volkanovski,Yair Rodriguez,"Jul. 8, 2023",4.0,-5.0,0.5,-5.5,1.3399999999999999,-0.46999999999999975,0.10164825926335158,0.9199999999999999,-0.0703456640388114,-0.44,0.06730769230769229,6.0,0.08333333333333337,-0.13095238095238093,1
Yair Rodriguez,Alexander Volkanovski,"Jul. 8, 2023",-4.0,5.0,-0.5,5.5,-1.3399999999999999,0.46999999999999975,-0.10164825926335158,-0.9199999999999999,0.0703456640388114,0.44,-0.06730769230769229,-6.0,-0.08333333333333337,0.13095238095238093,0
Alexander Volkanovski,Max Holloway,"Jul. 2, 2022",3.0,-5.0,2.5,-6.0,-0.9299999999999997,-1.2899999999999996,0.08937636572332253,1.41,-0.10171821305841924,-0.08000000000000002,0.125,-4.0,-0.017195767195767153,0.03306878306878307,1
Max Holloway,Alexander Volkanovski,"Jul. 2, 2022",-3.0,5.0,-2.5,6.0,0.9299999999999997,1.2899999999999996,-0.08937636572332253,-1.41,0.10171821305841924,0.08000000000000002,-0.125,4.0,0.017195767195767153,-0.03306878306878307,0
Alexander Volkanovski,Brian Ortega,"Sep. 25, 2021",2.0,-2.0,2.5,-3.0,2.1500000000000004,-3.07,0.19768663081584736,0.6999999999999998,0.14411512027491408,-0.73,0.11309523809523814,11.0,0.2767857142857143,-0.39285714285714285,1
Brian Ortega,Alexander Volkanovski,"Sep. 25, 2021",-2.0,2.0,-2.5,3.0,-2.1500000000000004,3.07,-0.19768663081584736,-0.6999999999999998,-0.14411512027491408,0.73,-0.11309523809523814,-11.0,-0.2767857142857143,0.39285714285714285,0
Alexander Volkanovski,Max Holloway,"Jul. 11, 2020",3.0,-5.0,2.5,-6.0,-0.9299999999999997,-1.2899999999999996,0.08937636572332253,1.41,-0.10171821305841924,-0.08000000000000002,0.125,-4.0,-0.017195767195767153,0.03306878306878307,1
Max Holloway,Alexander Volkanovski,"Jul. 11, 2020",-3.0,5.0,-2.5,6.0,0.9299999999999997,1.2899999999999996,-0.08937636572332253,-1.41,0.10171821305841924,0.08000000000000002,-0.125,4.0,0.017195767195767153,-0.03306878306878307,0
Alexander Volkanovski,Max Holloway,"Dec. 14, 2019",3.0,-5.0,2.5,-6.0,-0.9299999999999997,-1.2899999999999996,0.08937636572332253,1.41,-0.10171821305841924,-0.08000000000000002,0.125,-4.0,-0.017195767195767153,0.03306878306878307,1
Max Holloway,Alexander Volkanovski,"Dec. 14, 2019",-3.0,5.0,-2.5,6.0,0.9299999999999997,1.2899999999999996,-0.08937636572332253,-1.41,0.10171821305841924,0.08000000000000002,-0.125,4.0,0.017195767195767153,-0.03306878306878307,0
Petr Yan,Merab Dvalishvili,"Dec. 6, 2025",-2.0,1.5,-1.0,0.0,0.7400000000000002,1.4400000000000004,0.1334270268937503,-4.27,0.0,-0.24,-0.007692307692307665,-1.0,0.20714285714285713,-0.04523809523809523,1
Merab Dvalishvili,Petr Yan,"Dec. 6, 2025",2.0,-1.5,1.0,0.0,-0.7400000000000002,-1.4400000000000004,-0.1334270268937503,4.27,0.0,0.24,0.007692307692307665,1.0,-0.20714285714285713,0.04523809523809523,0
Petr Yan,Marcus McGhee,"Jul. 26, 2025",-3.0,-0.5,-2.0,0.0,-0.28000000000000025,0.6000000000000001,0.11279511804721892,1.46,0.0,-0.13,-0.0461538461538461,12.0,-0.3772727272727273,-0.04090909090909091,1
Marcus McGhee,Petr Yan,"Jul. 26, 2025",3.0,0.5,2.0,0.0,0.28000000000000025,-0.6000000000000001,-0.11279511804721892,-1.46,0.0,0.13,0.0461538461538461,-12.0,0.3772727272727273,0.04090909090909091,0
Petr Yan,Deiveson Figueiredo,"Nov. 23, 2024",-5.0,2.5,-1.0,0.0,2.5900000000000003,0.81,0.009980568804098255,0.08999999999999986,0.0,-1.0699999999999998,0.042424242424242475,-8.0,-0.010000000000000009,-0.31,1
Deiveson Figueiredo,Petr Yan,"Nov. 23, 2024",5.0,-2.5,1.0,0.0,-2.5900000000000003,-0.81,-0.009980568804098255,-0.08999999999999986,0.0,1.0699999999999998,-0.042424242424242475,8.0,0.010000000000000009,0.31,0
Petr Yan,Song Yadong,"Mar. 9, 2024",5.0,-0.5,0.0,0.0,0.8200000000000003,0.43000000000000016,0.11237421130712999,0.88,0.0,-0.09000000000000001,0.10303030303030303,-8.0,-0.041304347826086996,-0.12391304347826086,1
Song Yadong,Petr Yan,"Mar. 9, 2024",-5.0,0.5,0.0,0.0,-0.8200000000000003,-0.43000000000000016,-0.11237421130712999,-0.88,0.0,0.09000000000000001,-0.10303030303030303,8.0,0.041304347826086996,0.12391304347826086,0
Merab Dvalishvili,Petr Yan,"Mar. 11, 2023",2.0,-1.5,1.0,0.0,-0.7400000000000002,-1.4400000000000004,-0.1334270268937503,4.27,0.0,0.24,0.007692307692307665,1.0,-0.20714285714285713,0.04523809523809523,1
Petr Yan,Merab Dvalishvili,"Mar. 11, 2023",-2.0,1.5,-1.0,0.0,0.7400000000000002,1.4400000000000004,0.1334270268937503,-4.27,0.0,-0.24,-0.007692307692307665,-1.0,0.20714285714285713,-0.04523809523809523,0
Aljamain Sterling,Petr Yan,"Apr. 9, 2022",3.0,-0.5,4.0,1.0,-0.9000000000000004,-2.0900000000000003,-0.02303829943192237,0.8400000000000001,0.0,0.53,0.03870967741935483,6.0,-0.2346153846153846,0.2576923076923077,1
Petr Yan,Aljamain Sterling,"Apr. 9, 2022",-3.0,0.5,-4.0,-1.0,0.9000000000000004,2.0900000000000003,0.02303829943192237,-0.8400000000000001,0.0,-0.53,-0.03870967741935483,-6.0,0.2346153846153846,-0.2576923076923077,0
Petr Yan,Cory Sandhagen,"Oct. 30, 2021",-1.0,-3.5,-3.0,-2.0,0.2400000000000002,0.52,0.09537722373717705,0.56,0.0,-0.13,0.08000000000000007,0.0,-0.09444444444444444,-0.11666666666666665,1
Cory Sandhagen,Petr Yan,"Oct. 30, 2021",1.0,3.5,3.0,2.0,-0.2400000000000002,-0.52,-0.09537722373717705,-0.56,0.0,0.13,-0.08000000000000007,0.0,0.09444444444444444,0.11666666666666665,0
Aljamain Sterling,Petr Yan,"Mar. 6, 2021",3.0,-0.5,4.0,1.0,-0.9000000000000004,-2.0900000000000003,-0.02303829943192237,0.8400000000000001,0.0,0.53,0.03870967741935483,6.0,-0.2346153846153846,0.2576923076923077,1
Petr Yan,Aljamain Sterling,"Mar. 6, 2021",-3.0,0.5,-4.0,-1.0,0.9000000000000004,2.0900000000000003,0.02303829943192237,-0.8400000000000001,0.0,-0.53,-0.03870967741935483,-6.0,0.2346153846153846,-0.2576923076923077,0
Justin Gaethje,Ilia Topuria,"Jun. 14, 2026",8.0,4.0,1.0,3.0,1.4699999999999998,2.86,0.07463605397899853,-1.43,0.0,-0.86,-0.09595959595959591,15.0,0.3382352941176471,0.0,1
Ilia Topuria,Justin Gaethje,"Jun. 14, 2026",-8.0,-4.0,-1.0,-3.0,-1.4699999999999998,-2.86,-0.07463605397899853,1.43,0.0,0.86,0.09595959595959591,-15.0,-0.3382352941176471,0.0,0
Justin Gaethje,Paddy Pimblett,"Jan. 24, 2026",6.0,1.0,-3.0,0.0,0.8099999999999996,2.97,0.04840094250260496,-0.38000000000000006,0.0,-1.36,-0.008658008658008587,5.0,0.4583333333333333,0.0,1
Paddy Pimblett,Justin Gaethje,"Jan. 24, 2026",-6.0,-1.0,3.0,0.0,-0.8099999999999996,-2.97,-0.04840094250260496,0.38000000000000006,0.0,1.36,0.008658008658008587,-5.0,-0.4583333333333333,0.0,0
Justin Gaethje,Rafael Fiziev,"Mar. 8, 2025",4.0,3.0,-1.5,0.0,1.58,2.0200000000000005,0.04639867566216893,-0.7,0.0,0.0,0.11164274322169065,14.0,0.1071428571428571,0.0,1
Rafael Fiziev,Justin Gaethje,"Mar. 8, 2025",-4.0,-3.0,1.5,0.0,-1.58,-2.0200000000000005,-0.04639867566216893,0.7,0.0,0.0,-0.11164274322169065,-14.0,-0.1071428571428571,0.0,0
Max Holloway,Justin Gaethje,"Apr. 13, 2024",-3.0,0.0,-1.0,2.0,0.6299999999999999,-2.2300000000000004,-0.09389651557602363,-0.07999999999999999,0.0,0.28,-0.09848484848484851,3.0,-0.26851851851851855,0.0,1
Justin Gaethje,Max Holloway,"Apr. 13, 2024",3.0,0.0,1.0,-2.0,-0.6299999999999999,2.2300000000000004,0.09389651557602363,0.07999999999999999,0.0,-0.28,0.09848484848484851,-3.0,0.26851851851851855,0.0,0
Justin Gaethje,Rafael Fiziev,"Mar. 18, 2023",4.0,3.0,-1.5,0.0,1.58,2.0200000000000005,0.04639867566216893,-0.7,0.0,0.0,0.11164274322169065,14.0,0.1071428571428571,0.0,1
Rafael Fiziev,Justin Gaethje,"Mar. 18, 2023",-4.0,-3.0,1.5,0.0,-1.58,-2.0200000000000005,-0.04639867566216893,0.7,0.0,0.0,-0.11164274322169065,-14.0,-0.1071428571428571,0.0,0
Charles Oliveira,Justin Gaethje,"May. 7, 2022",-1.0,-1.0,4.0,1.0,-3.06,-3.7800000000000002,-0.019365836396670555,1.99,0.0,2.59,-0.07765151515151514,15.0,-0.4797297297297297,0.0,1
Justin Gaethje,Charles Oliveira,"May. 7, 2022",1.0,1.0,-4.0,-1.0,3.06,3.7800000000000002,0.019365836396670555,-1.99,0.0,-2.59,0.07765151515151514,-15.0,0.4797297297297297,0.0,0
Ilia Topuria,Charles Oliveira,"Jun. 28, 2025",-7.0,-3.0,-5.0,-4.0,1.5900000000000003,0.9200000000000004,-0.055270217582327974,-0.56,0.008006742520016846,-1.73,0.17361111111111105,-30.0,0.14149443561208264,-0.12400635930047699,1
Charles Oliveira,Ilia Topuria,"Jun. 28, 2025",7.0,3.0,5.0,4.0,-1.5900000000000003,-0.9200000000000004,0.055270217582327974,0.56,-0.008006742520016846,1.73,-0.17361111111111105,30.0,-0.14149443561208264,0.12400635930047699,0
Ilia Topuria,Max Holloway,"Oct. 26, 2024",-5.0,-4.0,0.0,-5.0,-2.0999999999999996,-0.6299999999999994,0.019260461597025103,1.51,-0.02857142857142858,0.58,0.19444444444444442,-18.0,-0.06971677559912853,0.39651416122004357,1
Max Holloway,Ilia Topuria,"Oct. 26, 2024",5.0,4.0,0.0,5.0,2.0999999999999996,0.6299999999999994,-0.019260461597025103,-1.51,0.02857142857142858,-0.58,-0.19444444444444442,18.0,0.06971677559912853,-0.39651416122004357,0
Ilia Topuria,Bryce Mitchell,"Dec. 10, 2022",-2.0,-3.0,-1.0,-3.0,2.6300000000000003,2.46,-0.08919464049134651,-1.3900000000000001,0.204004329004329,-0.41000000000000003,0.11835748792270528,-5.0,0.3591331269349845,-0.05572755417956654,1
Bryce Mitchell,Ilia Topuria,"Dec. 10, 2022",2.0,3.0,1.0,3.0,-2.6300000000000003,-2.46,0.08919464049134651,1.3900000000000001,-0.204004329004329,0.41000000000000003,-0.11835748792270528,5.0,-0.3591331269349845,0.05572755417956654,0
Ilia Topuria,Youssef Zalal,"Oct. 10, 2020",0.0,-3.0,-3.0,-2.0,2.0400000000000005,2.18,-0.007970605873454883,-0.1100000000000001,0.14285714285714285,-0.43000000000000005,0.22444444444444445,-7.0,0.1895424836601307,-0.08496732026143794,1
Youssef Zalal,Ilia Topuria,"Oct. 10, 2020",0.0,3.0,3.0,2.0,-2.0400000000000005,-2.18,0.007970605873454883,0.1100000000000001,-0.14285714285714285,0.43000000000000005,-0.22444444444444445,7.0,-0.1895424836601307,0.08496732026143794,0
Tom Aspinall,Curtis Blaydes,"Jul. 27, 2024",-2.0,1.0,-2.0,-2.0,3.45,0.8600000000000003,0.15441278907773748,-2.5,0.16086956521739132,1.31,0.07333333333333336,-7.0,0.11578947368421055,0.0,1
Curtis Blaydes,Tom Aspinall,"Jul. 27, 2024",2.0,-1.0,2.0,2.0,-3.45,-0.8600000000000003,-0.15441278907773748,2.5,-0.16086956521739132,-1.31,-0.07333333333333336,7.0,-0.11578947368421055,0.0,0
Tom Aspinall,Sergei Pavlovich,"Nov. 11, 2023",-1.0,2.0,-6.0,-1.0,3.1399999999999997,0.040000000000000036,0.2289672117258324,2.1500000000000004,0.0,1.31,-0.04166666666666663,-6.0,0.03809523809523818,0.0,1
Sergei Pavlovich,Tom Aspinall,"Nov. 11, 2023",1.0,-2.0,6.0,1.0,-3.1399999999999997,-0.040000000000000036,-0.2289672117258324,-2.1500000000000004,0.0,-1.31,0.04166666666666663,6.0,-0.03809523809523818,0.0,0
Tom Aspinall,Marcin Tybura,"Jul. 22, 2023",-7.0,2.0,0.0,-2.0,4.07,0.3600000000000003,0.19358765111068077,1.32,0.24057971014492757,1.2,0.1228070175438597,-20.0,0.4296296296296297,-0.059259259259259234,1
Marcin Tybura,Tom Aspinall,"Jul. 22, 2023",7.0,-2.0,0.0,2.0,-4.07,-0.3600000000000003,-0.19358765111068077,-1.32,-0.24057971014492757,-1.2,-0.1228070175438597,20.0,-0.4296296296296297,0.059259259259259234,0
Curtis Blaydes,Tom Aspinall,"Jul. 23, 2022",2.0,-1.0,2.0,2.0,-3.45,-0.8600000000000003,-0.15441278907773748,2.5,-0.16086956521739132,-1.31,-0.07333333333333336,7.0,-0.11578947368421055,0.0,1
Tom Aspinall,Curtis Blaydes,"Jul. 23, 2022",-2.0,1.0,-2.0,-2.0,3.45,0.8600000000000003,0.15441278907773748,-2.5,0.16086956521739132,1.31,0.07333333333333336,-7.0,0.11578947368421055,0.0,0
Tom Aspinall,Alexander Volkov,"Mar. 19, 2022",-4.0,-2.0,-2.0,-3.5,2.79,0.7200000000000002,0.09606613120712904,2.08,0.08750000000000002,1.09,0.0490196078431373,-33.0,0.20000000000000007,0.1,1
Alexander Volkov,Tom Aspinall,"Mar. 19, 2022",4.0,2.0,2.0,3.5,-2.79,-0.7200000000000002,-0.09606613120712904,-2.08,-0.08750000000000002,-1.09,-0.0490196078431373,33.0,-0.20000000000000007,-0.1,0
Tom Aspinall,Serghei Spivac,"Sep. 4, 2021",2.0,2.0,0.0,0.0,4.0600000000000005,-0.6100000000000003,0.1980637353771682,-1.1999999999999997,0.0,0.8300000000000001,0.08333333333333337,-6.0,0.41111111111111115,-0.2444444444444444,1
Serghei Spivac,Tom Aspinall,"Sep. 4, 2021",-2.0,-2.0,0.0,0.0,-4.0600000000000005,0.6100000000000003,-0.1980637353771682,1.1999999999999997,0.0,-0.8300000000000001,-0.08333333333333337,6.0,-0.41111111111111115,0.2444444444444444,0
Sean Strickland,Khamzat Chimaev,"May. 9, 2026",3.0,-1.0,1.0,1.5,1.9700000000000006,1.5500000000000003,-0.11741765127317949,-4.66,0.31264367816091954,-1.2200000000000002,-0.12171052631578949,22.0,-0.012903225806451646,-0.2709677419354839,1
Khamzat Chimaev,Sean Strickland,"May. 9, 2026",-3.0,1.0,-1.0,-1.5,-1.9700000000000006,-1.5500000000000003,0.11741765127317949,4.66,-0.31264367816091954,1.2200000000000002,0.12171052631578949,-22.0,0.012903225806451646,0.2709677419354839,0
Sean Strickland,Anthony Hernandez,"Feb. 21, 2026",3.0,1.0,1.0,1.5,1.4100000000000001,1.4300000000000002,-0.18306000595663008,-5.22,0.0,-1.48,-0.01754385964912286,20.0,0.18709677419354837,-0.47096774193548385,1
Anthony Hernandez,Sean Strickland,"Feb. 21, 2026",-3.0,-1.0,-1.0,-1.5,-1.4100000000000001,-1.4300000000000002,0.18306000595663008,5.22,0.0,1.48,0.01754385964912286,-20.0,-0.18709677419354837,0.47096774193548385,0
Dricus Du Plessis,Sean Strickland,"Feb. 8, 2025",-3.0,0.0,0.0,1.5,-0.7700000000000005,-0.29000000000000004,0.06441705181934854,1.2399999999999998,-0.33486590038314173,0.44999999999999996,0.07309941520467833,-11.0,-0.012096774193548376,0.3293010752688172,1
Sean Strickland,Dricus Du Plessis,"Feb. 8, 2025",3.0,0.0,0.0,-1.5,0.7700000000000005,0.29000000000000004,-0.06441705181934854,-1.2399999999999998,0.33486590038314173,-0.44999999999999996,-0.07309941520467833,11.0,0.012096774193548376,-0.3293010752688172,0
Sean Strickland,Paulo Costa,"Jun. 1, 2024",0.0,0.0,4.0,2.0,-0.16999999999999993,-1.4299999999999997,-0.16759149175715138,0.36000000000000004,0.0,0.15,0.015789473684210464,18.0,-0.3629032258064516,0.06653225806451613,1
Paulo Costa,Sean Strickland,"Jun. 1, 2024",0.0,0.0,-4.0,-2.0,0.16999999999999993,1.4299999999999997,0.16759149175715138,-0.36000000000000004,0.0,-0.15,-0.015789473684210464,-18.0,0.3629032258064516,-0.06653225806451613,0
Dricus Du Plessis,Sean Strickland,"Jan. 20, 2024",-3.0,0.0,0.0,1.5,-0.7700000000000005,-0.29000000000000004,0.06441705181934854,1.2399999999999998,-0.33486590038314173,0.44999999999999996,0.07309941520467833,-11.0,-0.012096774193548376,0.3293010752688172,1
Sean Strickland,Dricus Du Plessis,"Jan. 20, 2024",3.0,0.0,0.0,-1.5,0.7700000000000005,0.29000000000000004,-0.06441705181934854,-1.2399999999999998,0.33486590038314173,-0.44999999999999996,-0.07309941520467833,11.0,0.012096774193548376,-0.3293010752688172,0
Sean Strickland,Israel Adesanya,"Sep. 9, 2023",-2.0,-3.0,-4.0,-3.0,1.9500000000000002,1.31,-0.058739664981904416,0.61,0.0,0.009999999999999981,0.015789473684210464,8.0,-0.27956989247311825,0.0,1
Israel Adesanya,Sean Strickland,"Sep. 9, 2023",2.0,3.0,4.0,3.0,-1.9500000000000002,-1.31,0.058739664981904416,-0.61,0.0,-0.009999999999999981,-0.015789473684210464,-8.0,0.27956989247311825,0.0,0
Sean Strickland,Abus Magomedov,"Jul. 1, 2023",0.0,-1.0,-2.0,-1.5,2.9200000000000004,1.1900000000000004,-0.06171360864281933,-1.8399999999999999,0.0,-0.42999999999999994,0.03200568990042674,1.0,-0.09566184649610682,-0.1468298109010011,1
Abus Magomedov,Sean Strickland,"Jul. 1, 2023",0.0,1.0,2.0,1.5,-2.9200000000000004,-1.1900000000000004,0.06171360864281933,1.8399999999999999,0.0,0.42999999999999994,-0.03200568990042674,-1.0,0.09566184649610682,0.1468298109010011,0
Sean Strickland,Nassourdine Imavov,"Jan. 14, 2023",5.0,-2.0,1.0,-0.5,1.7000000000000002,1.3600000000000003,-0.12474151916689502,-0.07999999999999996,0.3078817733990148,-0.83,0.006265664160400974,17.0,-0.024667931688804545,-0.1062618595825427,1
Nassourdine Imavov,Sean Strickland,"Jan. 14, 2023",-5.0,2.0,-1.0,0.5,-1.7000000000000002,-1.3600000000000003,0.12474151916689502,0.07999999999999996,-0.3078817733990148,0.83,-0.006265664160400974,-17.0,0.024667931688804545,0.1062618595825427,0
Jared Cannonier,Sean Strickland,"Dec. 17, 2022",7.0,-2.0,1.5,0.0,-1.7300000000000004,-0.16999999999999993,0.06860772655589709,0.10999999999999999,-0.3490073145245559,-0.15,-0.1729323308270676,-10.0,0.22401433691756278,-0.01792114695340502,1
Sean Strickland,Jared Cannonier,"Dec. 17, 2022",-7.0,2.0,-1.5,0.0,1.7300000000000004,0.16999999999999993,-0.06860772655589709,-0.10999999999999999,0.3490073145245559,0.15,0.1729323308270676,10.0,-0.22401433691756278,0.01792114695340502,0
Alex Pereira,Sean Strickland,"Jul. 2, 2022",3.0,3.0,3.0,2.5,-0.9700000000000006,-0.81,0.18850823587669097,-0.55,0.0,0.07,-0.051083591331269385,-21.0,0.45905707196029777,0.0,1
Sean Strickland,Alex Pereira,"Jul. 2, 2022",-3.0,-3.0,-3.0,-2.5,0.9700000000000006,0.81,-0.18850823587669097,0.55,0.0,-0.07,0.051083591331269385,21.0,-0.45905707196029777,0.0,0
Sean Strickland,Brendan Allen,"Nov. 14, 2020",5.0,-1.0,1.0,-0.5,2.2300000000000004,0.7500000000000004,-0.09905572973974575,-0.86,0.3435960591133005,-0.91,0.021671826625387025,4.0,0.16487455197132617,-0.38948626045400236,1
Brendan Allen,Sean Strickland,"Nov. 14, 2020",-5.0,1.0,-1.0,0.5,-2.2300000000000004,-0.7500000000000004,0.09905572973974575,0.86,-0.3435960591133005,0.91,-0.021671826625387025,-4.0,-0.16487455197132617,0.38948626045400236,0
Kamaru Usman,Sean Strickland,"Apr. 8, 2017",4.0,-1.0,0.0,-0.5,-1.8500000000000005,-1.6700000000000004,0.08392582267073667,1.94,-0.1926436781609195,-0.06999999999999999,-0.0080971659919028,-12.0,0.04147465437788017,-0.08141321044546851,1
Sean Strickland,Kamaru Usman,"Apr. 8, 2017",-4.0,1.0,0.0,0.5,1.8500000000000005,1.6700000000000004,-0.08392582267073667,-1.94,0.1926436781609195,0.06999999999999999,0.0080971659919028,12.0,-0.04147465437788017,0.08141321044546851,0
Merab Dvalishvili,Cory Sandhagen,"Oct. 4, 2025",1.0,-5.0,-2.0,-2.0,-0.5,-0.9200000000000004,-0.03804980315657325,4.83,0.032438715131022824,0.10999999999999999,0.08769230769230774,1.0,-0.30158730158730157,-0.07142857142857142,1
Cory Sandhagen,Merab Dvalishvili,"Oct. 4, 2025",-1.0,5.0,2.0,2.0,0.5,0.9200000000000004,0.03804980315657325,-4.83,-0.032438715131022824,-0.10999999999999999,-0.08769230769230774,-1.0,0.30158730158730157,0.07142857142857142,0
Merab Dvalishvili,Umar Nurmagomedov,"Jan. 18, 2025",5.0,-2.0,-1.0,-1.0,0.56,0.9399999999999997,-0.1490725460713982,1.9399999999999995,-0.03189592283375212,0.10999999999999999,-0.14468864468864462,5.0,0.042857142857142844,-0.25476190476190474,1
Umar Nurmagomedov,Merab Dvalishvili,"Jan. 18, 2025",-5.0,2.0,1.0,1.0,-0.56,-0.9399999999999997,0.1490725460713982,-1.9399999999999995,0.03189592283375212,-0.10999999999999999,0.14468864468864462,-5.0,-0.042857142857142844,0.25476190476190474,0
Ciryl Gane,Alex Pereira,"Jun. 14, 2026",-2.0,0.0,2.0,-2.0,0.39000000000000057,-1.4100000000000001,0.0035183637922955313,0.55,0.0,0.36,0.11029411764705888,-1.0,-0.34615384615384615,0.0,1
Alex Pereira,Ciryl Gane,"Jun. 14, 2026",2.0,0.0,-2.0,2.0,-0.39000000000000057,1.4100000000000001,-0.0035183637922955313,-0.55,0.0,-0.36,-0.11029411764705888,1.0,0.34615384615384615,0.0,0
Alex Pereira,Magomed Ankalaev,"Oct. 4, 2025",4.0,1.0,4.0,-2.0,1.3599999999999999,1.1300000000000003,0.08603340224835254,-0.68,0.0,0.22,-0.11029411764705888,-7.0,0.3223443223443223,0.0,1
Magomed Ankalaev,Alex Pereira,"Oct. 4, 2025",-4.0,-1.0,-4.0,2.0,-1.3599999999999999,-1.1300000000000003,-0.08603340224835254,0.68,0.0,-0.22,0.11029411764705888,7.0,-0.3223443223443223,0.0,0
Magomed Ankalaev,Alex Pereira,"Mar. 8, 2025",-4.0,-1.0,-4.0,2.0,-1.3599999999999999,-1.1300000000000003,-0.08603340224835254,0.68,0.0,-0.22,0.11029411764705888,7.0,-0.3223443223443223,0.0,1
Alex Pereira,Magomed Ankalaev,"Mar. 8, 2025",4.0,1.0,4.0,-2.0,1.3599999999999999,1.1300000000000003,0.08603340224835254,-0.68,0.0,0.22,-0.11029411764705888,-7.0,0.3223443223443223,0.0,0
Alex Pereira,Jamahal Hill,"Apr. 13, 2024",3.0,0.0,0.0,0.5,-1.1800000000000006,-0.31000000000000005,0.09538675525562523,0.11,0.0,0.22,0.014705882352941124,1.0,0.2628205128205128,0.0,1
Jamahal Hill,Alex Pereira,"Apr. 13, 2024",-3.0,0.0,0.0,-0.5,1.1800000000000006,0.31000000000000005,-0.09538675525562523,-0.11,0.0,-0.22,-0.014705882352941124,-1.0,-0.2628205128205128,0.0,0
Israel Adesanya,Alex Pereira,"Apr. 8, 2023",-1.0,0.0,1.0,0.5,-0.9799999999999995,-0.5,-0.12976857089478655,-0.06,0.0,-0.07999999999999999,0.03529411764705892,13.0,-0.17948717948717952,0.0,1
Alex Pereira,Israel Adesanya,"Apr. 8, 2023",1.0,0.0,-1.0,-0.5,0.9799999999999995,0.5,0.12976857089478655,0.06,0.0,0.07999999999999999,-0.03529411764705892,-13.0,0.17948717948717952,0.0,0
Alex Pereira,Israel Adesanya,"Nov. 12, 2022",1.0,0.0,-1.0,-0.5,0.9799999999999995,0.5,0.12976857089478655,0.06,0.0,0.07999999999999999,-0.03529411764705892,-13.0,0.17948717948717952,0.0,1
Israel Adesanya,Alex Pereira,"Nov. 12, 2022",-1.0,0.0,1.0,0.5,-0.9799999999999995,-0.5,-0.12976857089478655,-0.06,0.0,-0.07999999999999999,0.03529411764705892,13.0,-0.17948717948717952,0.0,0
Ciryl Gane,Alexander Volkov,"Dec. 7, 2024",-1.0,-3.0,1.0,-5.5,0.5600000000000005,-0.5899999999999999,0.03746515735191791,0.12,0.0,0.36,0.09068627450980393,-35.0,-0.09999999999999998,0.11428571428571427,1
Alexander Volkov,Ciryl Gane,"Dec. 7, 2024",1.0,3.0,-1.0,5.5,-0.5600000000000005,0.5899999999999999,-0.03746515735191791,-0.12,0.0,-0.36,-0.09068627450980393,35.0,0.09999999999999998,-0.11428571428571427,0
Ciryl Gane,Serghei Spivac,"Sep. 2, 2023",5.0,1.0,3.0,-2.0,1.8300000000000005,-1.9200000000000004,0.13946276152195708,-3.1599999999999997,0.0,0.09999999999999998,0.125,-8.0,0.1111111111111111,-0.23015873015873015,1
Serghei Spivac,Ciryl Gane,"Sep. 2, 2023",-5.0,-1.0,-3.0,2.0,-1.8300000000000005,1.9200000000000004,-0.13946276152195708,3.1599999999999997,0.0,-0.09999999999999998,-0.125,8.0,-0.1111111111111111,0.23015873015873015,0
Ciryl Gane,Derrick Lewis,"Aug. 7, 2021",-5.0,1.0,2.0,-1.5,2.99,-0.48,0.1278351035421288,0.13,0.0,0.58,0.20058139534883723,-27.0,-0.3275862068965517,0.0,1
Derrick Lewis,Ciryl Gane,"Aug. 7, 2021",5.0,-1.0,-2.0,1.5,-2.99,0.48,-0.1278351035421288,-0.13,0.0,-0.58,-0.20058139534883723,27.0,0.3275862068965517,0.0,0
Ciryl Gane,Alexander Volkov,"Jun. 26, 2021",-1.0,-3.0,1.0,-5.5,0.5600000000000005,-0.5899999999999999,0.03746515735191791,0.12,0.0,0.36,0.09068627450980393,-35.0,-0.09999999999999998,0.11428571428571427,1
Alexander Volkov,Ciryl Gane,"Jun. 26, 2021",1.0,3.0,-1.0,5.5,-0.5600000000000005,0.5899999999999999,-0.03746515735191791,-0.12,0.0,-0.36,-0.09068627450980393,35.0,0.09999999999999998,-0.11428571428571427,0
Joshua Van,Tatsuro Taira,"May. 9, 2026",-2.0,-2.0,-5.0,-3.0,5.56,2.72,0.030145642753972024,-2.75,0.0,-1.07,-0.0052631578947368585,-1.0,0.19607843137254904,-0.326797385620915,1
Tatsuro Taira,Joshua Van,"May. 9, 2026",2.0,2.0,5.0,3.0,-5.56,-2.72,-0.030145642753972024,2.75,0.0,1.07,0.0052631578947368585,1.0,-0.19607843137254904,0.326797385620915,0
Joshua Van,Alexandre Pantoja,"Dec. 6, 2025",-12.0,0.0,-2.0,-1.5,4.05,1.9400000000000004,0.07048547370101366,-1.9700000000000002,0.0,-0.77,0.06140350877192979,-17.0,0.2627450980392157,-0.2823529411764706,1
Alexandre Pantoja,Joshua Van,"Dec. 6, 2025",12.0,0.0,2.0,1.5,-4.05,-1.9400000000000004,-0.07048547370101366,1.9700000000000002,0.0,0.77,-0.06140350877192979,17.0,-0.2627450980392157,0.2823529411764706,0
Joshua Van,Brandon Royval,"Jun. 28, 2025",-9.0,-4.0,-3.0,-3.5,2.83,1.58,0.14790692340396966,-0.07000000000000006,0.0,-0.97,0.22807017543859653,-8.0,0.30718954248366015,-0.43790849673202614,1
Brandon Royval,Joshua Van,"Jun. 28, 2025",9.0,4.0,3.0,3.5,-2.83,-1.58,-0.14790692340396966,0.07000000000000006,0.0,0.97,-0.22807017543859653,8.0,-0.30718954248366015,0.43790849673202614,0
Charles Johnson,Joshua Van,"Jul. 13, 2024",11.0,4.0,5.0,5.0,-3.8899999999999997,-1.9400000000000004,-0.07570206197926033,-0.35,0.0,0.18000000000000002,-0.21616541353383456,9.0,-0.10835913312693501,0.040247678018575844,1
Joshua Van,Charles Johnson,"Jul. 13, 2024",-11.0,-4.0,-5.0,-5.0,3.8899999999999997,1.9400000000000004,0.07570206197926033,0.35,0.0,-0.18000000000000002,0.21616541353383456,-9.0,0.10835913312693501,-0.040247678018575844,0
Joshua Van,Kevin Borjas,"Nov. 11, 2023",-4.0,0.0,-3.0,-1.0,4.56,0.5500000000000007,0.14442573716781942,0.82,0.0,0.21,0.20723684210526316,3.0,-0.19786096256684493,0.0,1
Kevin Borjas,Joshua Van,"Nov. 11, 2023",4.0,0.0,3.0,1.0,-4.56,-0.5500000000000007,-0.14442573716781942,-0.82,0.0,-0.21,-0.20723684210526316,-3.0,0.19786096256684493,0.0,0
Khamzat Chimaev,Dricus Du Plessis,"Aug. 16, 2025",0.0,1.0,-1.0,-3.0,-1.2000000000000002,-1.2600000000000002,0.053000599453830954,3.4200000000000004,0.02222222222222222,0.7700000000000001,0.04861111111111116,-11.0,0.025000000000000022,-0.05833333333333329,1
Dricus Du Plessis,Khamzat Chimaev,"Aug. 16, 2025",0.0,-1.0,1.0,3.0,1.2000000000000002,1.2600000000000002,-0.053000599453830954,-3.4200000000000004,-0.02222222222222222,-0.7700000000000001,-0.04861111111111116,11.0,-0.025000000000000022,0.05833333333333329,0
Khamzat Chimaev,Robert Whittaker,"Oct. 26, 2024",-3.0,2.0,1.5,-3.0,-0.40000000000000036,-0.41999999999999993,0.10860794456684869,4.61,-0.028571428571428567,1.37,0.1807432432432432,-21.0,-0.028571428571428525,0.22142857142857145,1
Robert Whittaker,Khamzat Chimaev,"Oct. 26, 2024",3.0,-2.0,-1.5,3.0,0.40000000000000036,0.41999999999999993,-0.10860794456684869,-4.61,0.028571428571428567,-1.37,-0.1807432432432432,21.0,0.028571428571428525,-0.22142857142857145,0
Khamzat Chimaev,Kamaru Usman,"Oct. 21, 2023",-7.0,2.0,-1.0,-1.0,-0.1200000000000001,0.1200000000000001,0.03349182860244282,2.72,-0.12000000000000001,1.29,0.1298076923076923,-10.0,-0.028571428571428525,0.3523809523809524,1
Kamaru Usman,Khamzat Chimaev,"Oct. 21, 2023",7.0,-2.0,1.0,1.0,0.1200000000000001,-0.1200000000000001,-0.03349182860244282,-2.72,0.12000000000000001,-1.29,-0.1298076923076923,10.0,0.028571428571428525,-0.3523809523809524,0
Alexandre Pantoja,Steve Erceg,"May. 4, 2024",6.0,-3.0,-1.0,-1.5,-0.2599999999999998,-0.1900000000000004,0.02726353896760203,1.6600000000000001,-0.05803571428571429,0.6,0.05555555555555558,18.0,0.12380952380952381,-0.028571428571428525,1
Steve Erceg,Alexandre Pantoja,"May. 4, 2024",-6.0,3.0,1.0,1.5,0.2599999999999998,0.1900000000000004,-0.02726353896760203,-1.6600000000000001,0.05803571428571429,-0.6,-0.05555555555555558,-18.0,-0.12380952380952381,0.028571428571428525,0
Alexandre Pantoja,Brandon Royval,"Dec. 16, 2023",3.0,-4.0,-1.0,-2.0,-1.2199999999999998,-0.3600000000000003,0.077421449702956,1.9,-0.10714285714285714,-0.19999999999999996,0.16666666666666674,9.0,0.04444444444444445,-0.15555555555555556,1
Brandon Royval,Alexandre Pantoja,"Dec. 16, 2023",-3.0,4.0,1.0,2.0,1.2199999999999998,0.3600000000000003,-0.077421449702956,-1.9,0.10714285714285714,0.19999999999999996,-0.16666666666666674,-9.0,-0.04444444444444445,0.15555555555555556,0
Alexandre Pantoja,Brandon Moreno,"Jul. 8, 2023",4.0,-2.0,-3.0,-1.5,0.54,0.23999999999999977,0.05921670278924379,1.43,-0.11813186813186814,0.58,0.17619047619047623,1.0,0.04927536231884058,-0.07826086956521738,1
Brandon Moreno,Alexandre Pantoja,"Jul. 8, 2023",-4.0,2.0,3.0,1.5,-0.54,-0.23999999999999977,-0.05921670278924379,-1.43,0.11813186813186814,-0.58,-0.17619047619047623,-1.0,-0.04927536231884058,0.07826086956521738,0
Alexandre Pantoja,Alex Perez,"Jul. 30, 2022",2.0,-1.0,1.5,-1.5,0.16000000000000014,0.6399999999999997,0.05242115457492946,0.7200000000000002,-0.1764069264069264,0.15000000000000002,0.11111111111111116,0.0,-0.002564102564102555,0.1307692307692308,1
Alex Perez,Alexandre Pantoja,"Jul. 30, 2022",-2.0,1.0,-1.5,1.5,-0.16000000000000014,-0.6399999999999997,-0.05242115457492946,-0.7200000000000002,0.1764069264069264,-0.15000000000000002,-0.11111111111111116,0.0,0.002564102564102555,-0.1307692307692308,0
Alexandre Pantoja,Brandon Royval,"Aug. 21, 2021",3.0,-4.0,-1.0,-2.0,-1.2199999999999998,-0.3600000000000003,0.077421449702956,1.9,-0.10714285714285714,-0.19999999999999996,0.16666666666666674,9.0,0.04444444444444445,-0.15555555555555556,1
Brandon Royval,Alexandre Pantoja,"Aug. 21, 2021",-3.0,4.0,1.0,2.0,1.2199999999999998,0.3600000000000003,-0.077421449702956,-1.9,0.10714285714285714,0.19999999999999996,-0.16666666666666674,-9.0,-0.04444444444444445,0.15555555555555556,0
Alexandre Pantoja,Manel Kape,"Feb. 6, 2021",4.0,0.0,-1.0,-2.5,-0.2999999999999998,0.0,-0.04759866132415158,2.43,-0.1642857142857143,0.74,0.06666666666666665,6.0,-0.3855072463768116,0.18260869565217394,1
Manel Kape,Alexandre Pantoja,"Feb. 6, 2021",-4.0,0.0,1.0,2.5,0.2999999999999998,0.0,0.04759866132415158,-2.43,0.1642857142857143,-0.74,-0.06666666666666665,-6.0,0.3855072463768116,-0.18260869565217394,0
Deiveson Figueiredo,Alexandre Pantoja,"Jul. 27, 2019",2.0,0.0,1.0,1.5,-1.81,-0.44999999999999973,0.03583048288930646,-1.18,0.045681063122923596,0.19999999999999996,-0.0757575757575758,-3.0,0.09333333333333332,-0.040000000000000036,1
Alexandre Pantoja,Deiveson Figueiredo,"Jul. 27, 2019",-2.0,0.0,-1.0,-1.5,1.81,0.44999999999999973,-0.03583048288930646,1.18,-0.045681063122923596,-0.19999999999999996,0.0757575757575758,3.0,-0.09333333333333332,0.040000000000000036,0
Alexandre Pantoja,Brandon Moreno,"May. 19, 2018",4.0,-2.0,-3.0,-1.5,0.54,0.23999999999999977,0.05921670278924379,1.43,-0.11813186813186814,0.58,0.17619047619047623,1.0,0.04927536231884058,-0.07826086956521738,1
Brandon Moreno,Alexandre Pantoja,"May. 19, 2018",-4.0,2.0,3.0,1.5,-0.54,-0.23999999999999977,-0.05921670278924379,-1.43,0.11813186813186814,-0.58,-0.17619047619047623,-1.0,-0.04927536231884058,0.07826086956521738,0
Arman Tsarukyan,Dan Hooker,"Nov. 22, 2025",-7.0,-5.0,-2.5,-3.0,-0.9700000000000002,-3.1400000000000006,0.013539019364262106,2.5799999999999996,-0.05561497326203209,-0.4600000000000001,0.25303643724696356,-12.0,-0.06702898550724634,-0.030797101449275388,1
Dan Hooker,Arman Tsarukyan,"Nov. 22, 2025",7.0,5.0,2.5,3.0,0.9700000000000002,3.1400000000000006,-0.013539019364262106,-2.5799999999999996,0.05561497326203209,0.4600000000000001,-0.25303643724696356,12.0,0.06702898550724634,0.030797101449275388,0
Arman Tsarukyan,Charles Oliveira,"Apr. 13, 2024",-7.0,-3.0,-1.5,-1.5,0.6200000000000001,-1.2499999999999998,-0.05582691530779493,0.9699999999999998,-0.1947943779281624,-2.4899999999999998,0.11378205128205121,-22.0,0.12103407755581669,-0.33372502937720333,1
Charles Oliveira,Arman Tsarukyan,"Apr. 13, 2024",7.0,3.0,1.5,1.5,-0.6200000000000001,1.2499999999999998,0.05582691530779493,-0.9699999999999998,0.1947943779281624,2.4899999999999998,-0.11378205128205121,22.0,-0.12103407755581669,0.33372502937720333,0
Arman Tsarukyan,Beneil Dariush,"Dec. 2, 2023",-8.0,-3.0,0.5,-1.0,0.10999999999999988,-0.8299999999999998,0.008965703679835346,1.0499999999999998,-0.06935704514363886,-0.7100000000000001,0.16586538461538458,-6.0,0.1739130434782609,-0.08695652173913043,1
Beneil Dariush,Arman Tsarukyan,"Dec. 2, 2023",8.0,3.0,-0.5,1.0,-0.10999999999999988,0.8299999999999998,-0.008965703679835346,-1.0499999999999998,0.06935704514363886,0.7100000000000001,-0.16586538461538458,6.0,-0.1739130434782609,0.08695652173913043,0
Mateusz Gamrot,Arman Tsarukyan,"Jun. 25, 2022",6.0,3.0,-2.0,-0.5,-0.6400000000000001,1.01,0.015086644044009945,1.96,0.05042016806722689,0.09,-0.017948717948717885,4.0,-0.08361204013377926,-0.030100334448160515,1
Arman Tsarukyan,Mateusz Gamrot,"Jun. 25, 2022",-6.0,-3.0,2.0,0.5,0.6400000000000001,-1.01,-0.015086644044009945,-1.96,-0.05042016806722689,-0.09,0.017948717948717885,-4.0,0.08361204013377926,0.030100334448160515,0
Charles Oliveira,Max Holloway,"Mar. 7, 2026",2.0,-1.0,5.0,-1.0,-3.69,-1.5499999999999998,0.07453067917935308,2.07,-0.03657817109144543,2.3099999999999996,0.02083333333333337,12.0,-0.21121121121121117,0.5205205205205206,1
Max Holloway,Charles Oliveira,"Mar. 7, 2026",-2.0,1.0,-5.0,1.0,3.69,1.5499999999999998,-0.07453067917935308,-2.07,0.03657817109144543,-2.3099999999999996,-0.02083333333333337,-12.0,0.21121121121121117,-0.5205205205205206,0
Charles Oliveira,Mateusz Gamrot,"Oct. 11, 2025",1.0,0.0,3.5,2.0,0.020000000000000018,0.23999999999999977,0.04074027126378499,-2.9299999999999997,0.14437420986093552,2.4,-0.09583333333333333,18.0,-0.037422037422037424,0.36382536382536385,1
Mateusz Gamrot,Charles Oliveira,"Oct. 11, 2025",-1.0,0.0,-3.5,-2.0,-0.020000000000000018,-0.23999999999999977,-0.04074027126378499,2.9299999999999997,-0.14437420986093552,-2.4,0.09583333333333333,-18.0,0.037422037422037424,-0.36382536382536385,0
Charles Oliveira,Beneil Dariush,"Jun. 10, 2023",-1.0,0.0,2.0,0.5,-0.5100000000000002,0.41999999999999993,0.06479261898763028,0.08000000000000007,0.12543733278452357,1.7799999999999998,0.05208333333333337,16.0,0.052878965922444204,0.2467685076380729,1
Beneil Dariush,Charles Oliveira,"Jun. 10, 2023",1.0,0.0,-2.0,-0.5,0.5100000000000002,-0.41999999999999993,-0.06479261898763028,-0.08000000000000007,-0.12543733278452357,-1.7799999999999998,-0.05208333333333337,-16.0,-0.052878965922444204,-0.2467685076380729,0
Max Holloway,Charles Oliveira,"Aug. 23, 2015",-2.0,1.0,-5.0,1.0,3.69,1.5499999999999998,-0.07453067917935308,-2.07,0.03657817109144543,-2.3099999999999996,-0.02083333333333337,-12.0,0.21121121121121117,-0.5205205205205206,1
Charles Oliveira,Max Holloway,"Aug. 23, 2015",2.0,-1.0,5.0,-1.0,-3.69,-1.5499999999999998,0.07453067917935308,2.07,-0.03657817109144543,2.3099999999999996,0.02083333333333337,12.0,-0.21121121121121117,0.5205205205205206,0
Manel Kape,Kyoji Horiguchi,"Jun. 20, 2026",-3.0,1.0,-1.0,1.0,1.0399999999999996,1.7999999999999998,0.07482093960081382,-1.31,-0.15714285714285714,0.13999999999999999,-0.09047619047619038,-12.0,0.23550724637681159,0.050724637681159424,1
Kyoji Horiguchi,Manel Kape,"Jun. 20, 2026",3.0,-1.0,1.0,-1.0,-1.0399999999999996,-1.7999999999999998,-0.07482093960081382,1.31,0.15714285714285714,-0.13999999999999999,0.09047619047619038,12.0,-0.23550724637681159,-0.050724637681159424,0
Manel Kape,Brandon Royval,"Dec. 13, 2025",-1.0,-4.0,0.0,0.5,-0.9199999999999999,-0.3600000000000003,0.12502011102710758,-0.53,0.05714285714285716,-0.94,0.10000000000000009,3.0,0.42995169082125606,-0.3381642512077295,1
Brandon Royval,Manel Kape,"Dec. 13, 2025",1.0,4.0,0.0,-0.5,0.9199999999999999,0.3600000000000003,-0.12502011102710758,0.53,-0.05714285714285716,0.94,-0.10000000000000009,-3.0,-0.42995169082125606,0.3381642512077295,0
Manel Kape,Asu Almabayev,"Mar. 1, 2025",0.0,1.0,3.0,3.0,2.4,1.94,0.03676834058403533,-4.38,0.17222222222222222,-1.2,-0.12222222222222212,3.0,0.5271739130434783,-0.24094202898550723,1
Asu Almabayev,Manel Kape,"Mar. 1, 2025",0.0,-1.0,-3.0,-3.0,-2.4,-1.94,-0.03676834058403533,4.38,-0.17222222222222222,1.2,0.12222222222222212,-3.0,-0.5271739130434783,0.24094202898550723,0
Brandon Royval,Tatsuro Taira,"Oct. 12, 2024",7.0,2.0,-2.0,0.5,2.7299999999999995,1.1400000000000001,-0.11776128064999764,-2.6799999999999997,0.12723214285714285,-0.10000000000000009,-0.2333333333333334,7.0,-0.1111111111111111,0.11111111111111116,1
Tatsuro Taira,Brandon Royval,"Oct. 12, 2024",-7.0,-2.0,2.0,-0.5,-2.7299999999999995,-1.1400000000000001,0.11776128064999764,2.6799999999999997,-0.12723214285714285,0.10000000000000009,0.2333333333333334,-7.0,0.1111111111111111,-0.11111111111111116,0
Brandon Royval,Brandon Moreno,"Feb. 24, 2024",1.0,2.0,-2.0,0.5,1.7599999999999998,0.6000000000000001,-0.01820474691371221,-0.4700000000000001,-0.010989010989011005,0.7799999999999999,0.00952380952380949,-8.0,0.004830917874396129,0.07729468599033817,1
Brandon Moreno,Brandon Royval,"Feb. 24, 2024",-1.0,-2.0,2.0,-0.5,-1.7599999999999998,-0.6000000000000001,0.01820474691371221,0.4700000000000001,0.010989010989011005,-0.7799999999999999,-0.00952380952380949,8.0,-0.004830917874396129,-0.07729468599033817,0
Brandon Moreno,Brandon Royval,"Nov. 21, 2020",-1.0,-2.0,2.0,-0.5,-1.7599999999999998,-0.6000000000000001,0.01820474691371221,0.4700000000000001,0.010989010989011005,-0.7799999999999999,-0.00952380952380949,8.0,-0.004830917874396129,-0.07729468599033817,1
Brandon Royval,Brandon Moreno,"Nov. 21, 2020",1.0,2.0,-2.0,0.5,1.7599999999999998,0.6000000000000001,-0.01820474691371221,-0.4700000000000001,-0.010989010989011005,0.7799999999999999,0.00952380952380949,-8.0,0.004830917874396129,0.07729468599033817,0
Brandon Royval,Tim Elliott,"May. 30, 2020",-6.0,2.0,2.0,0.5,2.09,1.2400000000000002,-0.008676688236999741,-2.7199999999999998,-0.10889110889110892,0.11999999999999988,0.072072072072072,-10.0,0.08585858585858586,0.19191919191919193,1
Tim Elliott,Brandon Royval,"May. 30, 2020",6.0,-2.0,-2.0,-0.5,-2.09,-1.2400000000000002,0.008676688236999741,2.7199999999999998,0.10889110889110892,-0.11999999999999988,-0.072072072072072,10.0,-0.08585858585858586,-0.19191919191919193,0
Tatsuro Taira,Brandon Moreno,"Dec. 6, 2025",-6.0,0.0,0.0,0.0,-0.9699999999999998,-0.54,0.09955653373628542,2.21,-0.13822115384615385,0.88,0.24285714285714288,-15.0,0.11594202898550723,-0.033816425120772986,1
Brandon Moreno,Tatsuro Taira,"Dec. 6, 2025",6.0,0.0,0.0,0.0,0.9699999999999998,0.54,-0.09955653373628542,-2.21,0.13822115384615385,-0.88,-0.24285714285714288,15.0,-0.11594202898550723,0.033816425120772986,0
Tatsuro Taira,Alex Perez,"Jun. 15, 2024",-8.0,1.0,4.5,0.0,-1.3499999999999996,-0.14000000000000012,0.0927609855219711,1.5,-0.19649621212121213,0.45000000000000007,0.1777777777777778,-16.0,0.0641025641025641,0.1752136752136752,1
Alex Perez,Tatsuro Taira,"Jun. 15, 2024",8.0,-1.0,-4.5,0.0,1.3499999999999996,0.14000000000000012,-0.0927609855219711,-1.5,0.19649621212121213,-0.45000000000000007,-0.1777777777777778,16.0,-0.0641025641025641,-0.1752136752136752,0
Tatsuro Taira,Edgar Chairez,"Jul. 8, 2023",-4.0,0.0,-1.0,-2.0,-0.8899999999999997,-1.6099999999999999,0.08226892581731293,3.57,0.0,-0.15999999999999992,0.20000000000000007,0.0,0.047619047619047616,-0.19841269841269848,1
Edgar Chairez,Tatsuro Taira,"Jul. 8, 2023",4.0,0.0,1.0,2.0,0.8899999999999997,1.6099999999999999,-0.08226892581731293,-3.57,0.0,0.15999999999999992,-0.20000000000000007,0.0,-0.047619047619047616,0.19841269841269848,0
Kyoji Horiguchi,Amir Albazi,"Feb. 7, 2026",3.0,-1.0,1.0,0.0,1.17,-1.7999999999999998,0.1381666278057756,0.49,0.26339285714285715,-0.33999999999999997,0.0071428571428571175,22.0,0.12254901960784315,-0.36274509803921573,1
Amir Albazi,Kyoji Horiguchi,"Feb. 7, 2026",-3.0,1.0,-1.0,0.0,-1.17,1.7999999999999998,-0.1381666278057756,-0.49,-0.26339285714285715,0.33999999999999997,-0.0071428571428571175,-22.0,-0.12254901960784315,0.36274509803921573,0
Kyoji Horiguchi,Tagir Ulanbekov,"Nov. 22, 2025",1.0,-3.0,-1.0,-1.0,0.6300000000000003,-1.3599999999999999,-0.0062143693761205765,-1.06,0.11801242236024845,-1.42,0.0071428571428571175,22.0,0.35784313725490197,-0.24509803921568626,1
Tagir Ulanbekov,Kyoji Horiguchi,"Nov. 22, 2025",-1.0,3.0,1.0,1.0,-0.6300000000000003,1.3599999999999999,0.0062143693761205765,1.06,-0.11801242236024845,1.42,-0.0071428571428571175,-22.0,-0.35784313725490197,0.24509803921568626,0
Asu Almabayev,Charles Johnson,"Jun. 27, 2026",-3.0,-5.0,-5.0,-4.0,-2.2600000000000002,-1.94,0.01604690901836292,4.2700000000000005,0.0,1.0499999999999998,0.21031746031746024,-1.0,-0.29605263157894735,0.30043859649122806,1
Charles Johnson,Asu Almabayev,"Jun. 27, 2026",3.0,5.0,5.0,4.0,2.2600000000000002,1.94,-0.01604690901836292,-4.2700000000000005,0.0,-1.0499999999999998,-0.21031746031746024,1.0,0.29605263157894735,-0.30043859649122806,0
Asu Almabayev,Alex Perez,"Nov. 22, 2025",-2.0,-2.0,-0.5,-2.0,-1.94,-1.3000000000000003,0.06325147531504571,2.6700000000000004,-0.18434343434343436,0.61,0.16666666666666663,-9.0,-0.14423076923076922,0.1891025641025641,1
Alex Perez,Asu Almabayev,"Nov. 22, 2025",2.0,2.0,0.5,2.0,1.94,1.3000000000000003,-0.06325147531504571,-2.6700000000000004,0.18434343434343436,-0.61,-0.16666666666666663,9.0,0.14423076923076922,-0.1891025641025641,0
Brandon Moreno,Amir Albazi,"Nov. 2, 2024",0.0,2.0,2.0,0.0,1.3699999999999997,-0.23999999999999977,0.10617220329319405,0.18000000000000016,0.060096153846153855,-0.03999999999999998,-0.19285714285714284,15.0,-0.07672634271099746,-0.051150895140664954,1
Amir Albazi,Brandon Moreno,"Nov. 2, 2024",0.0,-2.0,-2.0,0.0,-1.3699999999999997,0.23999999999999977,-0.10617220329319405,-0.18000000000000016,-0.060096153846153855,0.03999999999999998,0.19285714285714284,-15.0,0.07672634271099746,0.051150895140664954,0
Amir Albazi,Alessandro Costa,"Dec. 17, 2022",2.0,1.0,1.0,2.0,-1.2999999999999998,0.16999999999999993,-0.1268268145791699,0.48,0.0,-0.25999999999999995,0.07727272727272727,-2.0,-0.11764705882352938,0.11764705882352944,1
Alessandro Costa,Amir Albazi,"Dec. 17, 2022",-2.0,-1.0,-1.0,-2.0,1.2999999999999998,-0.16999999999999993,0.1268268145791699,-0.48,0.0,0.25999999999999995,-0.07727272727272727,2.0,0.11764705882352938,-0.11764705882352944,0
Brandon Moreno,Steve Erceg,"Mar. 29, 2025",2.0,-1.0,2.0,0.0,-0.7999999999999998,-0.43000000000000016,-0.03195316382164176,0.2300000000000002,0.060096153846153855,0.020000000000000018,-0.12063492063492065,17.0,0.07453416149068323,0.04968944099378886,1
Steve Erceg,Brandon Moreno,"Mar. 29, 2025",-2.0,1.0,-2.0,0.0,0.7999999999999998,0.43000000000000016,0.03195316382164176,-0.2300000000000002,-0.060096153846153855,-0.020000000000000018,0.12063492063492065,-17.0,-0.07453416149068323,-0.04968944099378886,0
Brandon Moreno,Deiveson Figueiredo,"Jan. 21, 2023",-6.0,2.0,2.0,0.0,1.27,0.20999999999999996,-0.09504718567855025,-0.25,0.07245080500894455,-0.7799999999999999,-0.10043290043290043,2.0,-0.1426086956521739,0.11826086956521742,1
Deiveson Figueiredo,Brandon Moreno,"Jan. 21, 2023",6.0,-2.0,-2.0,0.0,-1.27,-0.20999999999999996,0.09504718567855025,0.25,-0.07245080500894455,0.7799999999999999,0.10043290043290043,-2.0,0.1426086956521739,-0.11826086956521742,0
Deiveson Figueiredo,Brandon Moreno,"Jan. 22, 2022",6.0,-2.0,-2.0,0.0,-1.27,-0.20999999999999996,0.09504718567855025,0.25,-0.07245080500894455,0.7799999999999999,0.10043290043290043,-2.0,0.1426086956521739,-0.11826086956521742,1
Brandon Moreno,Deiveson Figueiredo,"Jan. 22, 2022",-6.0,2.0,2.0,0.0,1.27,0.20999999999999996,-0.09504718567855025,-0.25,0.07245080500894455,-0.7799999999999999,-0.10043290043290043,2.0,-0.1426086956521739,0.11826086956521742,0
Brandon Moreno,Deiveson Figueiredo,"Jun. 12, 2021",-6.0,2.0,2.0,0.0,1.27,0.20999999999999996,-0.09504718567855025,-0.25,0.07245080500894455,-0.7799999999999999,-0.10043290043290043,2.0,-0.1426086956521739,0.11826086956521742,1
Deiveson Figueiredo,Brandon Moreno,"Jun. 12, 2021",6.0,-2.0,-2.0,0.0,-1.27,-0.20999999999999996,0.09504718567855025,0.25,-0.07245080500894455,0.7799999999999999,0.10043290043290043,-2.0,0.1426086956521739,-0.11826086956521742,0
Steve Erceg,Tim Elliott,"May. 2, 2026",-9.0,1.0,2.0,0.0,1.13,1.0700000000000003,0.04148122249835423,-2.48,-0.15799825174825177,-0.68,0.18318318318318316,-19.0,0.006493506493506496,0.0649350649350649,1
Tim Elliott,Steve Erceg,"May. 2, 2026",9.0,-1.0,-2.0,0.0,-1.13,-1.0700000000000003,-0.04148122249835423,2.48,0.15799825174825177,0.68,-0.18318318318318316,19.0,-0.006493506493506496,-0.0649350649350649,0
Steve Erceg,Alessandro Costa,"Nov. 11, 2023",0.0,4.0,1.0,2.0,0.8699999999999997,0.3600000000000003,0.011298552535665918,0.42999999999999994,0.0,-0.31999999999999995,0.005050505050505083,-4.0,-0.2689075630252101,0.016806722689075626,1
Alessandro Costa,Steve Erceg,"Nov. 11, 2023",0.0,-4.0,-1.0,-2.0,-0.8699999999999997,-0.3600000000000003,-0.011298552535665918,-0.42999999999999994,0.0,0.31999999999999995,-0.005050505050505083,4.0,0.2689075630252101,-0.016806722689075626,0
Alex Perez,Charles Johnson,"Jan. 24, 2026",-1.0,-3.0,-4.5,-2.0,-0.3200000000000003,-0.6399999999999997,-0.04720456629668279,1.5999999999999999,0.0,0.43999999999999995,0.04365079365079361,8.0,-0.15182186234817813,0.11133603238866396,1
Charles Johnson,Alex Perez,"Jan. 24, 2026",1.0,3.0,4.5,2.0,0.3200000000000003,0.6399999999999997,0.04720456629668279,-1.5999999999999999,0.0,-0.43999999999999995,-0.04365079365079361,-8.0,0.15182186234817813,-0.11133603238866396,0
Deiveson Figueiredo,Alex Perez,"Nov. 21, 2020",4.0,-1.0,2.5,0.0,-1.65,0.18999999999999995,0.08825163746423592,-0.45999999999999974,-0.13072586328400282,0.35,0.03535353535353536,-3.0,0.09076923076923077,0.09076923076923077,1
Alex Perez,Deiveson Figueiredo,"Nov. 21, 2020",-4.0,1.0,-2.5,0.0,1.65,-0.18999999999999995,-0.08825163746423592,0.45999999999999974,0.13072586328400282,-0.35,-0.03535353535353536,3.0,-0.09076923076923077,-0.09076923076923077,0
Tim Elliott,Tagir Ulanbekov,"Mar. 5, 2022",5.0,0.0,-4.0,-1.0,0.5,-0.43999999999999995,-0.0477368525654146,0.8799999999999999,0.01261781696564307,-0.45999999999999996,-0.25540540540540535,17.0,0.07754010695187165,-0.048128342245989275,1
Tagir Ulanbekov,Tim Elliott,"Mar. 5, 2022",-5.0,0.0,4.0,1.0,-0.5,0.43999999999999995,0.0477368525654146,-0.8799999999999999,-0.01261781696564307,0.45999999999999996,0.25540540540540535,-17.0,-0.07754010695187165,0.048128342245989275,0
Deiveson Figueiredo,Tim Elliott,"Oct. 12, 2019",-1.0,-2.0,2.0,0.0,-0.94,0.43000000000000016,0.10457524435526272,-1.9999999999999998,-0.17035290291104246,0.11999999999999988,0.16298116298116294,-4.0,0.22363636363636363,-0.0036363636363636598,1
Tim Elliott,Deiveson Figueiredo,"Oct. 12, 2019",1.0,2.0,-2.0,0.0,0.94,-0.43000000000000016,-0.10457524435526272,1.9999999999999998,0.17035290291104246,-0.11999999999999988,-0.16298116298116294,4.0,-0.22363636363636363,0.0036363636363636598,0
Umar Nurmagomedov,Deiveson Figueiredo,"Jan. 24, 2026",-8.0,3.0,1.0,1.0,1.29,-1.57,0.02562608798174615,2.42,0.0007964319847084955,-0.94,0.19480519480519476,-12.0,-0.26,-0.010000000000000009,1
Deiveson Figueiredo,Umar Nurmagomedov,"Jan. 24, 2026",8.0,-3.0,-1.0,-1.0,-1.29,1.57,-0.02562608798174615,-2.42,-0.0007964319847084955,0.94,-0.19480519480519476,12.0,0.26,0.010000000000000009,0
Umar Nurmagomedov,Mario Bautista,"Oct. 25, 2025",-3.0,-1.0,-3.0,0.0,-1.6599999999999997,-2.3099999999999996,0.06146186551816435,1.54,0.06726640768758944,-0.8200000000000001,0.09523809523809523,0.0,-0.06666666666666665,-0.03888888888888892,1
Mario Bautista,Umar Nurmagomedov,"Oct. 25, 2025",3.0,1.0,3.0,0.0,1.6599999999999997,2.3099999999999996,-0.06146186551816435,-1.54,-0.06726640768758944,0.8200000000000001,-0.09523809523809523,0.0,0.06666666666666665,0.03888888888888892,0
Umar Nurmagomedov,Cory Sandhagen,"Aug. 3, 2024",-4.0,-3.0,-1.0,-1.0,-1.06,-1.86,0.11102274291482495,2.8900000000000006,0.06433463796477495,0.0,0.23238095238095235,-4.0,-0.34444444444444444,0.18333333333333332,1
Cory Sandhagen,Umar Nurmagomedov,"Aug. 3, 2024",4.0,3.0,1.0,1.0,1.06,1.86,-0.11102274291482495,-2.8900000000000006,-0.06433463796477495,0.0,-0.23238095238095235,4.0,0.34444444444444444,-0.18333333333333332,0
Umar Nurmagomedov,Raoni Barcelos,"Jan. 14, 2023",-9.0,0.5,2.0,0.0,-0.7900000000000005,-2.38,0.04748202842923588,1.5200000000000005,0.053345626975763956,-0.44000000000000006,0.13756613756613756,-6.0,-0.26363636363636367,0.21363636363636362,1
Raoni Barcelos,Umar Nurmagomedov,"Jan. 14, 2023",9.0,-0.5,-2.0,0.0,0.7900000000000005,2.38,-0.04748202842923588,-1.5200000000000005,-0.053345626975763956,0.44000000000000006,-0.13756613756613756,6.0,0.26363636363636367,-0.21363636363636362,0
Mario Bautista,Cory Sandhagen,"Jul. 11, 2026",-1.0,-2.0,2.0,-1.0,0.5999999999999996,0.44999999999999973,0.049560877396660596,1.3500000000000003,-0.0029317697228144982,0.8200000000000001,0.13714285714285712,-4.0,-0.2777777777777778,0.22222222222222224,1
Cory Sandhagen,Mario Bautista,"Jul. 11, 2026",1.0,2.0,-2.0,1.0,-0.5999999999999996,-0.44999999999999973,-0.049560877396660596,-1.3500000000000003,0.0029317697228144982,-0.8200000000000001,-0.13714285714285712,4.0,0.2777777777777778,-0.22222222222222224,0
Cory Sandhagen,Mario Bautista,"Jan. 19, 2019",1.0,2.0,-2.0,1.0,-0.5999999999999996,-0.44999999999999973,-0.049560877396660596,-1.3500000000000003,0.0029317697228144982,-0.8200000000000001,-0.13714285714285712,4.0,0.2777777777777778,-0.22222222222222224,1
Mario Bautista,Cory Sandhagen,"Jan. 19, 2019",-1.0,-2.0,2.0,-1.0,0.5999999999999996,0.44999999999999973,0.049560877396660596,1.3500000000000003,-0.0029317697228144982,0.8200000000000001,0.13714285714285712,-4.0,-0.2777777777777778,0.22222222222222224,0
Cory Sandhagen,Deiveson Figueiredo,"May. 3, 2025",-4.0,6.0,2.0,2.0,2.35,0.29000000000000004,-0.0853966549330788,-0.4700000000000002,-0.06353820598006646,-0.94,-0.037575757575757596,-8.0,0.08444444444444443,-0.19333333333333333,1
Deiveson Figueiredo,Cory Sandhagen,"May. 3, 2025",4.0,-6.0,-2.0,-2.0,-2.35,-0.29000000000000004,0.0853966549330788,0.4700000000000002,0.06353820598006646,0.94,0.037575757575757596,8.0,-0.08444444444444443,0.19333333333333333,0
Cory Sandhagen,Marlon Vera,"Mar. 25, 2023",1.0,3.0,-0.5,-0.5,0.7400000000000002,-1.6199999999999997,-0.022241860267030122,0.6699999999999999,0.0,-0.52,0.08111111111111113,-11.0,0.09661835748792269,-0.2681159420289855,1
Marlon Vera,Cory Sandhagen,"Mar. 25, 2023",-1.0,-3.0,0.5,0.5,-0.7400000000000002,1.6199999999999997,0.022241860267030122,-0.6699999999999999,0.0,0.52,-0.08111111111111113,11.0,-0.09661835748792269,0.2681159420289855,0
Cory Sandhagen,Song Yadong,"Sep. 17, 2022",6.0,3.0,3.0,2.0,0.5800000000000001,-0.08999999999999986,0.016996987569952937,0.31999999999999995,-0.0166256157635468,0.03999999999999998,0.023030303030302957,-8.0,0.053140096618357446,-0.007246376811594207,1
Song Yadong,Cory Sandhagen,"Sep. 17, 2022",-6.0,-3.0,-3.0,-2.0,-0.5800000000000001,0.08999999999999986,-0.016996987569952937,-0.31999999999999995,0.0166256157635468,-0.03999999999999998,-0.023030303030302957,8.0,-0.053140096618357446,0.007246376811594207,0
Aljamain Sterling,Cory Sandhagen,"Jun. 6, 2020",2.0,-4.0,1.0,-1.0,-0.6600000000000001,-1.5700000000000003,0.07233892430525468,1.4000000000000001,0.10283251231527094,0.4,0.1187096774193549,6.0,-0.329059829059829,0.14102564102564105,1
Cory Sandhagen,Aljamain Sterling,"Jun. 6, 2020",-2.0,4.0,-1.0,1.0,0.6600000000000001,1.5700000000000003,-0.07233892430525468,-1.4000000000000001,-0.10283251231527094,-0.4,-0.1187096774193549,-6.0,0.329059829059829,-0.14102564102564105,0
Song Yadong,Deiveson Figueiredo,"May. 30, 2026",-10.0,3.0,-1.0,0.0,1.77,0.3799999999999999,-0.10239364250303173,-0.7900000000000001,-0.04691259021651965,-0.98,-0.06060606060606055,0.0,0.03130434782608699,-0.18608695652173912,1
Deiveson Figueiredo,Song Yadong,"May. 30, 2026",10.0,-3.0,1.0,0.0,-1.77,-0.3799999999999999,0.10239364250303173,0.7900000000000001,0.04691259021651965,0.98,0.06060606060606055,0.0,-0.03130434782608699,0.18608695652173912,0
Song Yadong,Marlon Vera,"May. 16, 2020",-5.0,0.0,-3.5,-2.5,0.16000000000000014,-1.5299999999999998,-0.03923884783698306,0.35,0.0,-0.56,0.05808080808080818,-3.0,0.043478260869565244,-0.2608695652173913,1
Marlon Vera,Song Yadong,"May. 16, 2020",5.0,0.0,3.5,2.5,-0.16000000000000014,1.5299999999999998,0.03923884783698306,-0.35,0.0,0.56,-0.05808080808080818,3.0,-0.043478260869565244,0.2608695652173913,0
Aiemann Zahabi,Marlon Vera,"Oct. 18, 2025",5.0,0.0,-2.0,-2.5,0.29000000000000004,-1.2299999999999995,0.005107491164199729,-0.35,0.0,-0.76,0.184640522875817,-19.0,0.08074534161490682,-0.2919254658385093,1
Marlon Vera,Aiemann Zahabi,"Oct. 18, 2025",-5.0,0.0,2.0,2.5,-0.29000000000000004,1.2299999999999995,-0.005107491164199729,0.35,0.0,0.76,-0.184640522875817,19.0,-0.08074534161490682,0.2919254658385093,0
David Martinez,Marlon Vera,"Feb. 28, 2026",-6.0,-3.0,-3.0,-3.0,0.6400000000000006,-2.44,-0.009087369372990373,0.13,0.0,-0.76,0.2944444444444445,-21.0,0.36645962732919257,0.0,1
Marlon Vera,David Martinez,"Feb. 28, 2026",6.0,3.0,3.0,3.0,-0.6400000000000006,2.44,0.009087369372990373,-0.13,0.0,0.76,-0.2944444444444445,21.0,-0.36645962732919257,0.0,0
Deiveson Figueiredo,Montel Jackson,"Oct. 11, 2025",4.0,-5.0,-7.5,-3.0,-0.4500000000000002,2.0300000000000002,0.015496438142178048,-1.0999999999999999,0.03594080338266385,0.8899999999999999,-0.03189792663476876,14.0,-0.17333333333333334,0.29333333333333333,1
Montel Jackson,Deiveson Figueiredo,"Oct. 11, 2025",-4.0,5.0,7.5,3.0,0.4500000000000002,-2.0300000000000002,-0.015496438142178048,1.0999999999999999,-0.03594080338266385,-0.8899999999999999,0.03189792663476876,-14.0,0.17333333333333334,-0.29333333333333333,0
Deiveson Figueiredo,Marlon Vera,"Aug. 3, 2024",5.0,-3.0,-2.5,-2.5,-1.6099999999999999,-1.9099999999999997,0.06315479466604867,1.1400000000000001,0.0,0.41999999999999993,0.11868686868686873,-3.0,0.012173913043478257,-0.07478260869565218,1
Marlon Vera,Deiveson Figueiredo,"Aug. 3, 2024",-5.0,3.0,2.5,2.5,1.6099999999999999,1.9099999999999997,-0.06315479466604867,-1.1400000000000001,0.0,-0.41999999999999993,-0.11868686868686873,3.0,-0.012173913043478257,0.07478260869565218,0
Raoni Barcelos,Payton Talbott,"Jan. 18, 2025",12.0,-2.5,-3.5,-1.0,-1.9699999999999998,0.8300000000000001,-0.048665115694164984,1.7299999999999998,0.0,0.48000000000000004,-0.10185185185185186,15.0,-0.2727272727272727,0.04545454545454544,1
Payton Talbott,Raoni Barcelos,"Jan. 18, 2025",-12.0,2.5,3.5,1.0,1.9699999999999998,-0.8300000000000001,0.048665115694164984,-1.7299999999999998,0.0,-0.48000000000000004,0.10185185185185186,-15.0,0.2727272727272727,-0.04545454545454544,0
Raoni Barcelos,Montel Jackson,"Apr. 25, 2026",5.0,-2.5,-8.5,-2.0,1.6300000000000003,2.8400000000000003,-0.006359502305311682,-0.20000000000000018,-0.016608391608391608,0.39000000000000007,0.025341130604288442,8.0,-0.16969696969696968,0.06969696969696969,1
Montel Jackson,Raoni Barcelos,"Apr. 25, 2026",-5.0,2.5,8.5,2.0,-1.6300000000000003,-2.8400000000000003,0.006359502305311682,0.20000000000000018,0.016608391608391608,-0.39000000000000007,-0.025341130604288442,-8.0,0.16969696969696968,-0.06969696969696969,0
Movsar Evloev,Lerone Murphy,"Mar. 21, 2026",-3.0,-2.0,-1.0,-3.0,-0.4299999999999997,0.1499999999999999,-0.034466199069505155,3.58,0.0,-0.27,0.10526315789473684,1.0,-0.3205882352941176,0.0,1
Lerone Murphy,Movsar Evloev,"Mar. 21, 2026",3.0,2.0,1.0,3.0,0.4299999999999997,-0.1499999999999999,0.034466199069505155,-3.58,0.0,0.27,-0.10526315789473684,-1.0,0.3205882352941176,0.0,0
Movsar Evloev,Aljamain Sterling,"Dec. 7, 2024",-4.0,0.0,1.5,-3.0,-0.34999999999999964,0.6499999999999999,-0.04960935719170273,2.24,-0.06914326341983648,-0.45,0.16129032258064513,-11.0,0.0346153846153846,-0.1076923076923077,1
Aljamain Sterling,Movsar Evloev,"Dec. 7, 2024",4.0,0.0,-1.5,3.0,0.34999999999999964,-0.6499999999999999,0.04960935719170273,-2.24,0.06914326341983648,0.45,-0.16129032258064513,11.0,-0.0346153846153846,0.1076923076923077,0
Movsar Evloev,Arnold Allen,"Jan. 20, 2024",0.0,-1.0,2.5,-3.0,0.3900000000000001,-0.3500000000000001,0.03646395812002973,3.54,-0.21512027491408936,-0.09000000000000002,0.16000000000000003,-5.0,-0.18333333333333332,0.009523809523809545,1
Arnold Allen,Movsar Evloev,"Jan. 20, 2024",0.0,1.0,-2.5,3.0,-0.3900000000000001,0.3500000000000001,-0.03646395812002973,-3.54,0.21512027491408936,0.09000000000000002,-0.16000000000000003,5.0,0.18333333333333332,-0.009523809523809545,0
Movsar Evloev,Diego Lopes,"May. 6, 2023",1.0,-4.0,0.0,-5.0,0.1200000000000001,-1.8500000000000005,0.004747685074698138,3.9600000000000004,0.0,-1.11,0.2222222222222222,-16.0,-0.2785714285714286,-0.22857142857142854,1
Diego Lopes,Movsar Evloev,"May. 6, 2023",-1.0,4.0,0.0,5.0,-0.1200000000000001,1.8500000000000005,-0.004747685074698138,-3.9600000000000004,0.0,1.11,-0.2222222222222222,16.0,0.2785714285714286,0.22857142857142854,0
Diego Lopes,Steve Garcia,"Jun. 14, 2026",-3.0,-1.0,-2.5,0.0,-1.67,2.43,-0.014057291701692232,0.04999999999999993,0.0,0.91,0.01777777777777778,11.0,-0.3609022556390978,0.0,1
Steve Garcia,Diego Lopes,"Jun. 14, 2026",3.0,1.0,2.5,0.0,1.67,-2.43,0.014057291701692232,-0.04999999999999993,0.0,-0.91,-0.01777777777777778,-11.0,0.3609022556390978,0.0,0
Diego Lopes,Jean Silva,"Sep. 13, 2025",2.0,4.0,3.5,4.5,-1.0300000000000002,0.15000000000000036,-0.047800194286840625,-0.38,0.0,0.7000000000000001,-0.07222222222222219,16.0,-0.27731092436974797,0.25210084033613445,1
Jean Silva,Diego Lopes,"Sep. 13, 2025",-2.0,-4.0,-3.5,-4.5,1.0300000000000002,-0.15000000000000036,0.047800194286840625,0.38,0.0,-0.7000000000000001,0.07222222222222219,-16.0,0.27731092436974797,-0.25210084033613445,0
Diego Lopes,Brian Ortega,"Sep. 14, 2024",-4.0,3.0,3.5,2.0,-0.04999999999999982,-1.7299999999999995,0.09819698884234801,-0.1100000000000001,0.0,0.37,0.015873015873015928,15.0,0.24107142857142855,-0.07142857142857145,1
Brian Ortega,Diego Lopes,"Sep. 14, 2024",4.0,-3.0,-3.5,-2.0,0.04999999999999982,1.7299999999999995,-0.09819698884234801,0.1100000000000001,0.0,-0.37,-0.015873015873015928,-15.0,-0.24107142857142855,0.07142857142857145,0
Diego Lopes,Pat Sabatini,"Nov. 11, 2023",-4.0,3.0,2.5,3.0,2.1,3.49,-0.0743880037938362,-3.4499999999999997,0.0,0.020000000000000018,-0.03703703703703698,9.0,0.33766233766233766,-0.11688311688311687,1
Pat Sabatini,Diego Lopes,"Nov. 11, 2023",4.0,-3.0,-2.5,-3.0,-2.1,-3.49,0.0743880037938362,3.4499999999999997,0.0,-0.020000000000000018,0.03703703703703698,-9.0,-0.33766233766233766,0.11688311688311687,0
Lerone Murphy,Aaron Pico,"Aug. 16, 2025",6.0,1.0,3.0,0.0,-1.8200000000000003,-0.45999999999999996,-0.027257087806220714,-5.34,0.0,0.46,0.1578947368421053,0.0,-0.17226890756302526,0.0,1
Aaron Pico,Lerone Murphy,"Aug. 16, 2025",-6.0,-1.0,-3.0,0.0,1.8200000000000003,0.45999999999999996,0.027257087806220714,5.34,0.0,-0.46,-0.1578947368421053,0.0,0.17226890756302526,0.0,0
Aljamain Sterling,Youssef Zalal,"Apr. 25, 2026",7.0,-3.0,-1.0,0.0,1.48,0.3599999999999999,0.017012698545744054,0.7,0.025451559934318566,-0.65,0.1187096774193549,6.0,-0.10683760683760682,-0.24786324786324787,1
Youssef Zalal,Aljamain Sterling,"Apr. 25, 2026",-7.0,3.0,1.0,0.0,-1.48,-0.3599999999999999,-0.017012698545744054,-0.7,-0.025451559934318566,0.65,-0.1187096774193549,-6.0,0.10683760683760682,0.24786324786324787,0
Aljamain Sterling,Brian Ortega,"Aug. 23, 2025",1.0,-1.0,2.0,0.0,0.41999999999999993,-4.23,0.15255403110874888,1.6099999999999999,0.09985632183908047,-0.29000000000000004,0.07680491551459301,10.0,-0.07211538461538461,-0.1923076923076923,1
Brian Ortega,Aljamain Sterling,"Aug. 23, 2025",-1.0,1.0,-2.0,0.0,-0.41999999999999993,4.23,-0.15255403110874888,-1.6099999999999999,-0.09985632183908047,0.29000000000000004,-0.07680491551459301,-10.0,0.07211538461538461,0.1923076923076923,0
Brian Ortega,Yair Rodriguez,"Feb. 24, 2024",2.0,-3.0,-2.0,-2.5,-0.8100000000000005,2.6,-0.09603837155249578,0.22000000000000008,-0.21446078431372548,0.29000000000000004,-0.04578754578754585,-5.0,-0.19345238095238093,0.2619047619047619,1
Yair Rodriguez,Brian Ortega,"Feb. 24, 2024",-2.0,3.0,2.0,2.5,0.8100000000000005,-2.6,0.09603837155249578,-0.22000000000000008,0.21446078431372548,-0.29000000000000004,0.04578754578754585,5.0,0.19345238095238093,-0.2619047619047619,0
Yair Rodriguez,Brian Ortega,"Jul. 16, 2022",-2.0,3.0,2.0,2.5,0.8100000000000005,-2.6,0.09603837155249578,-0.22000000000000008,0.21446078431372548,-0.29000000000000004,0.04578754578754585,5.0,0.19345238095238093,-0.2619047619047619,1
Brian Ortega,Yair Rodriguez,"Jul. 16, 2022",2.0,-3.0,-2.0,-2.5,-0.8100000000000005,2.6,-0.09603837155249578,0.22000000000000008,-0.21446078431372548,0.29000000000000004,-0.04578754578754585,-5.0,-0.19345238095238093,0.2619047619047619,0
Yair Rodriguez,Dan Hooker,"Oct. 3, 2015",-3.0,-1.0,-4.0,-1.0,-0.16999999999999993,-1.1600000000000006,-0.017436638047325093,0.029999999999999916,0.1443850267379679,0.07999999999999996,0.1761133603238867,-12.0,-0.07738095238095238,-0.0535714285714286,1
Dan Hooker,Yair Rodriguez,"Oct. 3, 2015",3.0,1.0,4.0,1.0,0.16999999999999993,1.1600000000000006,0.017436638047325093,-0.029999999999999916,-0.1443850267379679,-0.07999999999999996,-0.1761133603238867,12.0,0.07738095238095238,0.0535714285714286,0
Jean Silva,Arnold Allen,"Jan. 24, 2026",-3.0,-1.0,-1.0,-2.5,1.3000000000000003,1.35,0.07951646733217221,-0.040000000000000036,-0.16666666666666666,0.31999999999999995,0.010000000000000009,-5.0,0.3725490196078432,-0.014005602240896337,1
Arnold Allen,Jean Silva,"Jan. 24, 2026",3.0,1.0,1.0,2.5,-1.3000000000000003,-1.35,-0.07951646733217221,0.040000000000000036,0.16666666666666666,-0.31999999999999995,-0.010000000000000009,5.0,-0.3725490196078432,0.014005602240896337,0
Jean Silva,Bryce Mitchell,"Apr. 12, 2025",-2.0,-3.0,-1.0,-3.5,2.6300000000000003,2.99,-0.07076818405170782,-1.9200000000000002,0.06590909090909092,-0.67,0.023913043478260843,-3.0,0.653250773993808,-0.34984520123839,1
Bryce Mitchell,Jean Silva,"Apr. 12, 2025",2.0,3.0,1.0,3.5,-2.6300000000000003,-2.99,0.07076818405170782,1.9200000000000002,-0.06590909090909092,0.67,-0.023913043478260843,3.0,-0.653250773993808,0.34984520123839,0
Jean Silva,Charles Jourdain,"Jun. 29, 2024",-1.0,-2.0,0.0,-2.5,-0.54,0.3899999999999997,0.0250795028444728,0.82,0.0,-0.010000000000000009,0.18333333333333335,-7.0,0.2614379084967321,-0.21241830065359477,1
Charles Jourdain,Jean Silva,"Jun. 29, 2024",1.0,2.0,0.0,2.5,0.54,-0.3899999999999997,-0.0250795028444728,-0.82,0.0,0.010000000000000009,-0.18333333333333335,7.0,-0.2614379084967321,0.21241830065359477,0
Arnold Allen,Melquizael Costa,"May. 16, 2026",3.0,-2.0,-1.0,-1.5,-0.77,-0.040000000000000036,-0.030081833960537874,-0.29000000000000004,0.0,-0.5599999999999999,0.052121212121212124,-8.0,-0.01282051282051283,-0.11721611721611724,1
Melquizael Costa,Arnold Allen,"May. 16, 2026",-3.0,2.0,1.0,1.5,0.77,0.040000000000000036,0.030081833960537874,0.29000000000000004,0.0,0.5599999999999999,-0.052121212121212124,8.0,0.01282051282051283,0.11721611721611724,0
Max Holloway,Arnold Allen,"Apr. 15, 2023",2.0,3.0,-1.0,3.0,3.4,1.4499999999999997,0.04182954929550842,-1.02,0.0,0.0,-0.08999999999999997,11.0,0.14814814814814814,-0.1164021164021164,1
Arnold Allen,Max Holloway,"Apr. 15, 2023",-2.0,-3.0,1.0,-3.0,-3.4,-1.4499999999999997,-0.04182954929550842,1.02,0.0,0.0,0.08999999999999997,-11.0,-0.14814814814814814,0.1164021164021164,0
Arnold Allen,Dan Hooker,"Mar. 19, 2022",-4.0,-4.0,-5.0,-3.5,-1.3000000000000003,-1.7900000000000005,-0.046994293802804454,0.5599999999999999,0.17575757575757575,-0.28,0.20842105263157895,-13.0,-0.125,-0.10119047619047622,1
Dan Hooker,Arnold Allen,"Mar. 19, 2022",4.0,4.0,5.0,3.5,1.3000000000000003,1.7900000000000005,0.046994293802804454,-0.5599999999999999,-0.17575757575757575,0.28,-0.20842105263157895,13.0,0.125,0.10119047619047622,0
Steve Garcia,David Onama,"Nov. 1, 2025",2.0,1.0,1.0,1.0,0.3899999999999997,-2.6699999999999995,-0.014810084238056132,-0.28,0.0,-0.06,-0.06352941176470583,8.0,0.2894736842105263,0.0,1
David Onama,Steve Garcia,"Nov. 1, 2025",-2.0,-1.0,-1.0,-1.0,-0.3899999999999997,2.6699999999999995,0.014810084238056132,0.28,0.0,0.06,0.06352941176470583,-8.0,-0.2894736842105263,0.0,0
Steve Garcia,Melquizael Costa,"Dec. 9, 2023",5.0,2.0,4.0,0.5,1.17,-0.9699999999999998,0.015691730786485947,-0.76,0.0,-0.44999999999999996,-0.027878787878787836,-8.0,0.4433198380566802,0.0,1
Melquizael Costa,Steve Garcia,"Dec. 9, 2023",-5.0,-2.0,-4.0,-0.5,-1.17,0.9699999999999998,-0.015691730786485947,0.76,0.0,0.44999999999999996,0.027878787878787836,8.0,-0.4433198380566802,0.0,0
Max Holloway,Brian Ortega,"Dec. 8, 2018",-1.0,3.0,0.0,3.0,3.08,-1.7800000000000002,0.10831026509252484,-0.7100000000000001,0.24583333333333332,-0.65,-0.011904761904761862,15.0,0.29398148148148145,-0.42592592592592593,1
Brian Ortega,Max Holloway,"Dec. 8, 2018",1.0,-3.0,0.0,-3.0,-3.08,1.7800000000000002,-0.10831026509252484,0.7100000000000001,-0.24583333333333332,0.65,0.011904761904761862,-15.0,-0.29398148148148145,0.42592592592592593,0
Brian Ortega,Renato Moicano,"Jul. 29, 2017",-2.0,-3.0,-3.0,-3.5,-0.2599999999999998,2.83,-0.11859569653288815,-0.7499999999999999,-0.09455128205128206,0.37,0.0377668308702791,-8.0,0.09226190476190477,-0.023809523809523836,1
Renato Moicano,Brian Ortega,"Jul. 29, 2017",2.0,3.0,3.0,3.5,0.2599999999999998,-2.83,0.11859569653288815,0.7499999999999999,0.09455128205128206,-0.37,-0.0377668308702791,8.0,-0.09226190476190477,0.023809523809523836,0
Max Holloway,Yair Rodriguez,"Nov. 13, 2021",1.0,0.0,-2.0,0.5,2.2699999999999996,0.8199999999999998,0.012271893540029055,-0.49,0.03137254901960784,-0.36,-0.05769230769230771,10.0,0.10052910052910052,-0.164021164021164,1
Yair Rodriguez,Max Holloway,"Nov. 13, 2021",-1.0,0.0,2.0,-0.5,-2.2699999999999996,-0.8199999999999998,-0.012271893540029055,0.49,-0.03137254901960784,0.36,0.05769230769230771,-10.0,-0.10052910052910052,0.164021164021164,0
Mauricio Ruffy,Rafael Fiziev,"Jan. 31, 2026",-3.0,3.0,3.5,1.0,-0.5199999999999996,-0.9799999999999995,0.04453510949443307,-1.0,0.0,0.0,0.13815789473684215,-3.0,0.2857142857142857,0.0,1
Rafael Fiziev,Mauricio Ruffy,"Jan. 31, 2026",3.0,-3.0,-3.5,-1.0,0.5199999999999996,0.9799999999999995,-0.04453510949443307,1.0,0.0,0.0,-0.13815789473684215,3.0,-0.2857142857142857,0.0,0
Dan Hooker,Mateusz Gamrot,"Aug. 17, 2024",1.0,2.0,4.5,3.5,1.6100000000000003,2.1300000000000003,-0.02862566340827205,-4.54,0.0051948051948051965,0.37000000000000005,-0.23508771929824568,8.0,0.1506410256410256,0.0608974358974359,1
Mateusz Gamrot,Dan Hooker,"Aug. 17, 2024",-1.0,-2.0,-4.5,-3.5,-1.6100000000000003,-2.1300000000000003,0.02862566340827205,4.54,-0.0051948051948051965,-0.37000000000000005,0.23508771929824568,-8.0,-0.1506410256410256,-0.0608974358974359,0
Mateusz Gamrot,Rafael Fiziev,"Sep. 23, 2023",2.0,2.0,-1.0,-1.0,-1.5,-1.9999999999999996,-0.013707431998286612,4.22,0.0,0.19,0.12982456140350884,11.0,-0.3351648351648352,0.15934065934065936,1
Rafael Fiziev,Mateusz Gamrot,"Sep. 23, 2023",-2.0,-2.0,1.0,1.0,1.5,1.9999999999999996,0.013707431998286612,-4.22,0.0,-0.19,-0.12982456140350884,-11.0,0.3351648351648352,-0.15934065934065936,0
Beneil Dariush,Mateusz Gamrot,"Oct. 22, 2022",2.0,0.0,1.5,1.5,0.5300000000000002,-0.18000000000000016,-0.02405234772384529,-3.01,0.018936877076411965,0.6200000000000001,-0.1479166666666667,2.0,-0.09030100334448163,0.11705685618729095,1
Mateusz Gamrot,Beneil Dariush,"Oct. 22, 2022",-2.0,0.0,-1.5,-1.5,-0.5300000000000002,0.18000000000000016,0.02405234772384529,3.01,-0.018936877076411965,-0.6200000000000001,0.1479166666666667,-2.0,0.09030100334448163,-0.11705685618729095,0
Beneil Dariush,Renato Moicano,"Jun. 28, 2025",0.0,-1.0,0.0,-2.0,-0.35999999999999943,-0.9199999999999999,-0.0005473712486405158,0.53,-0.010733452593917711,0.25,-0.0053879310344827624,3.0,0.12215320910973085,-0.1759834368530021,1
Renato Moicano,Beneil Dariush,"Jun. 28, 2025",0.0,1.0,0.0,2.0,0.35999999999999943,0.9199999999999999,0.0005473712486405158,-0.53,0.010733452593917711,-0.25,0.0053879310344827624,-3.0,-0.12215320910973085,0.1759834368530021,0
Rafael Fiziev,Renato Moicano,"Dec. 12, 2020",-4.0,-3.0,-0.5,-2.5,0.6100000000000003,1.2599999999999998,0.03721240847349139,-0.6799999999999999,0.0,-0.56,0.012704174228675091,-10.0,0.5476190476190477,-0.45238095238095244,1
Renato Moicano,Rafael Fiziev,"Dec. 12, 2020",4.0,3.0,0.5,2.5,-0.6100000000000003,-1.2599999999999998,-0.03721240847349139,0.6799999999999999,0.0,0.56,-0.012704174228675091,10.0,-0.5476190476190477,0.45238095238095244,0
Rafael Fiziev,Manuel Torres,"Jun. 27, 2026",2.0,-2.0,-2.0,-1.0,-1.8600000000000003,0.5699999999999994,-0.03302876863455062,-0.32000000000000006,0.0,-0.66,-0.07268170426065168,-2.0,0.11344537815126055,-0.3403361344537815,1
Manuel Torres,Rafael Fiziev,"Jun. 27, 2026",-2.0,2.0,2.0,1.0,1.8600000000000003,-0.5699999999999994,0.03302876863455062,0.32000000000000006,0.0,0.66,0.07268170426065168,2.0,-0.11344537815126055,0.3403361344537815,0
Quillan Salkilld,Beneil Dariush,"May. 2, 2026",-11.0,2.0,3.0,1.5,1.2699999999999996,0.3999999999999999,0.08793616211916871,5.04,0.0,-0.050000000000000044,0.20432692307692313,-19.0,0.1992753623188406,-0.014492753623188415,1
Beneil Dariush,Quillan Salkilld,"May. 2, 2026",11.0,-2.0,-3.0,-1.5,-1.2699999999999996,-0.3999999999999999,-0.08793616211916871,-5.04,0.0,0.050000000000000044,-0.20432692307692313,19.0,-0.1992753623188406,0.014492753623188415,0
Manuel Torres,Grant Dawson,"Dec. 6, 2025",-1.0,0.0,1.5,1.0,3.43,2.1,0.05162585307105583,-2.26,0.0,-0.7000000000000001,-0.04761904761904756,-7.0,0.321078431372549,-0.17156862745098045,1
Grant Dawson,Manuel Torres,"Dec. 6, 2025",1.0,0.0,-1.5,-1.0,-3.43,-2.1,-0.05162585307105583,2.26,0.0,0.7000000000000001,0.04761904761904756,7.0,-0.321078431372549,0.17156862745098045,0
Ian Machado Garry,Belal Muhammad,"Nov. 22, 2025",-10.0,4.0,2.5,2.0,0.41999999999999993,-1.06,0.11669130845554587,-1.06,0.0,0.24,0.14444444444444438,-12.0,0.20343137254901958,0.01715686274509804,1
Belal Muhammad,Ian Machado Garry,"Nov. 22, 2025",10.0,-4.0,-2.5,-2.0,-0.41999999999999993,1.06,-0.11669130845554587,1.06,0.0,-0.24,-0.14444444444444438,12.0,-0.20343137254901958,-0.01715686274509804,0
Ian Machado Garry,Carlos Prates,"Apr. 26, 2025",-4.0,2.0,-3.5,-1.5,0.3700000000000001,-1.44,-0.006654297493792982,0.74,0.0,0.37,0.17025089605734767,-13.0,-0.3799019607843137,-0.0661764705882353,1
Carlos Prates,Ian Machado Garry,"Apr. 26, 2025",4.0,-2.0,3.5,1.5,-0.3700000000000001,1.44,0.006654297493792982,-0.74,0.0,-0.37,-0.17025089605734767,13.0,0.3799019607843137,0.0661764705882353,0
Ian Machado Garry,Daniel Rodriguez,"May. 13, 2023",-11.0,2.0,0.5,1.0,-2.42,-2.5400000000000005,0.0496628016561419,0.41000000000000003,0.0,0.29,0.14444444444444438,-7.0,-0.03823529411764709,-0.1411764705882353,1
Daniel Rodriguez,Ian Machado Garry,"May. 13, 2023",11.0,-2.0,-0.5,-1.0,2.42,2.5400000000000005,-0.0496628016561419,-0.41000000000000003,0.0,-0.29,-0.14444444444444438,7.0,0.03823529411764709,0.1411764705882353,0
Carlos Prates,Leon Edwards,"Nov. 15, 2025",-2.0,1.0,4.0,0.5,1.81,1.8599999999999999,0.003891194371256179,-1.07,0.0,-0.36,-0.011520737327188946,3.0,0.47348484848484845,-0.011363636363636354,1
Leon Edwards,Carlos Prates,"Nov. 15, 2025",2.0,-1.0,-4.0,-0.5,-1.81,-1.8599999999999999,-0.003891194371256179,1.07,0.0,0.36,0.011520737327188946,-3.0,-0.47348484848484845,0.011363636363636354,0
Michael Morales,Sean Brady,"Nov. 15, 2025",-6.0,2.0,7.0,1.0,1.5999999999999996,0.48999999999999977,-0.04203677058353322,-2.54,0.0,-0.82,0.09523809523809523,-2.0,0.5789473684210527,0.0,1
Sean Brady,Michael Morales,"Nov. 15, 2025",6.0,-2.0,-7.0,-1.0,-1.5999999999999996,-0.48999999999999977,0.04203677058353322,2.54,0.0,0.82,-0.09523809523809523,2.0,-0.5789473684210527,0.0,0
Gabriel Bonfim,Belal Muhammad,"Jun. 6, 2026",-10.0,2.0,0.5,0.5,0.39999999999999947,-0.31000000000000005,0.04592435831735847,0.5899999999999999,0.0,0.9,0.15238095238095228,-9.0,-0.008333333333333331,0.6083333333333334,1
Belal Muhammad,Gabriel Bonfim,"Jun. 6, 2026",10.0,-2.0,-0.5,-0.5,-0.39999999999999947,0.31000000000000005,-0.04592435831735847,-0.5899999999999999,0.0,-0.9,-0.15238095238095228,9.0,0.008333333333333331,-0.6083333333333334,0
Sean Brady,Joaquin Buckley,"May. 9, 2026",1.0,0.0,-4.0,0.0,0.45999999999999996,-0.33000000000000007,0.16876235188911248,2.1500000000000004,-0.1372549019607843,0.74,0.180623973727422,-8.0,-0.5563909774436091,0.0,1
Joaquin Buckley,Sean Brady,"May. 9, 2026",-1.0,0.0,4.0,0.0,-0.45999999999999996,0.33000000000000007,-0.16876235188911248,-2.1500000000000004,0.1372549019607843,-0.74,-0.180623973727422,8.0,0.5563909774436091,0.0,0
Sean Brady,Leon Edwards,"Mar. 22, 2025",-1.0,-2.0,-2.0,-3.0,1.48,0.33000000000000007,-0.011142105991420959,2.33,-0.13058823529411764,0.45999999999999996,0.11904761904761907,-7.0,-0.16028708133971292,0.17942583732057416,1
Leon Edwards,Sean Brady,"Mar. 22, 2025",1.0,2.0,2.0,3.0,-1.48,-0.33000000000000007,0.011142105991420959,-2.33,0.13058823529411764,-0.45999999999999996,-0.11904761904761907,7.0,0.16028708133971292,-0.17942583732057416,0
Belal Muhammad,Sean Brady,"Oct. 22, 2022",5.0,1.0,0.0,0.0,0.28000000000000025,1.15,-0.10831230558666172,-1.6,0.08777573529411764,-0.69,-0.10476190476190472,9.0,0.05043859649122809,-0.2741228070175438,1
Sean Brady,Belal Muhammad,"Oct. 22, 2022",-5.0,-1.0,0.0,0.0,-0.28000000000000025,-1.15,0.10831230558666172,1.6,-0.08777573529411764,0.69,0.10476190476190472,-9.0,-0.05043859649122809,0.2741228070175438,0
Belal Muhammad,Leon Edwards,"Jul. 27, 2024",4.0,-1.0,-2.0,-3.0,1.7600000000000002,1.48,-0.11945441157808268,0.73,-0.0428125,-0.22999999999999998,0.014285714285714346,2.0,-0.10984848484848483,-0.0946969696969697,1
Leon Edwards,Belal Muhammad,"Jul. 27, 2024",-4.0,1.0,2.0,3.0,-1.7600000000000002,-1.48,0.11945441157808268,-0.73,0.0428125,0.22999999999999998,-0.014285714285714346,-2.0,0.10984848484848483,0.0946969696969697,0
Leon Edwards,Kamaru Usman,"Mar. 18, 2023",-5.0,0.0,-2.0,2.0,-1.5299999999999998,-0.41999999999999993,0.03461262561365075,-1.35,-0.026666666666666672,0.27999999999999997,-0.02197802197802201,2.0,-0.11038961038961037,0.08874458874458874,1
Kamaru Usman,Leon Edwards,"Mar. 18, 2023",5.0,0.0,2.0,-2.0,1.5299999999999998,0.41999999999999993,-0.03461262561365075,1.35,0.026666666666666672,-0.27999999999999997,0.02197802197802201,-2.0,0.11038961038961037,-0.08874458874458874,0
Leon Edwards,Kamaru Usman,"Aug. 20, 2022",-5.0,0.0,-2.0,2.0,-1.5299999999999998,-0.41999999999999993,0.03461262561365075,-1.35,-0.026666666666666672,0.27999999999999997,-0.02197802197802201,2.0,-0.11038961038961037,0.08874458874458874,1
Kamaru Usman,Leon Edwards,"Aug. 20, 2022",5.0,0.0,2.0,-2.0,1.5299999999999998,0.41999999999999993,-0.03461262561365075,1.35,0.026666666666666672,-0.27999999999999997,0.02197802197802201,-2.0,0.11038961038961037,-0.08874458874458874,0
Kamaru Usman,Leon Edwards,"Dec. 19, 2015",5.0,0.0,2.0,-2.0,1.5299999999999998,0.41999999999999993,-0.03461262561365075,1.35,0.026666666666666672,-0.27999999999999997,0.02197802197802201,-2.0,0.11038961038961037,-0.08874458874458874,1
Leon Edwards,Kamaru Usman,"Dec. 19, 2015",-5.0,0.0,-2.0,2.0,-1.5299999999999998,-0.41999999999999993,0.03461262561365075,-1.35,-0.026666666666666672,0.27999999999999997,-0.02197802197802201,2.0,-0.11038961038961037,0.08874458874458874,0
Dricus Du Plessis,Kamaru Usman,"Jul. 18, 2026",-7.0,1.0,0.0,2.0,1.08,1.3800000000000003,-0.019508770851388135,-0.7000000000000002,-0.14222222222222222,0.52,0.08119658119658113,1.0,-0.05357142857142855,0.4107142857142857,1
Kamaru Usman,Dricus Du Plessis,"Jul. 18, 2026",7.0,-1.0,0.0,-2.0,-1.08,-1.3800000000000003,0.019508770851388135,0.7000000000000002,0.14222222222222222,-0.52,-0.08119658119658113,-1.0,0.05357142857142855,-0.4107142857142857,0
Kamaru Usman,Joaquin Buckley,"Jun. 14, 2025",7.0,2.0,0.0,1.0,0.5099999999999998,-0.2400000000000002,0.1452918322668827,1.1700000000000002,0.020000000000000018,0.0,0.08355437665782495,-3.0,-0.28571428571428575,0.0,1
Joaquin Buckley,Kamaru Usman,"Jun. 14, 2025",-7.0,-2.0,0.0,-1.0,-0.5099999999999998,0.2400000000000002,-0.1452918322668827,-1.1700000000000002,-0.020000000000000018,0.0,-0.08355437665782495,3.0,0.28571428571428575,0.0,0
Joaquin Buckley,Nursulton Ruziboev,"May. 11, 2024",0.0,-7.0,0.0,-4.0,1.2400000000000002,0.41999999999999993,-0.10091967735617241,0.06999999999999984,-0.033333333333333354,-0.26,-0.04669540229885061,-19.0,0.36293436293436293,0.0,1
Nursulton Ruziboev,Joaquin Buckley,"May. 11, 2024",0.0,7.0,0.0,4.0,-1.2400000000000002,-0.41999999999999993,0.10091967735617241,-0.06999999999999984,0.033333333333333354,0.26,0.04669540229885061,19.0,-0.36293436293436293,0.0,0
Nassourdine Imavov,Joaquin Buckley,"Sep. 3, 2022",-2.0,5.0,-1.0,2.0,0.6600000000000001,0.06999999999999984,0.18610752876304104,-0.69,-0.09523809523809523,0.9,0.08538587848932677,-8.0,-0.3025210084033614,0.0,1
Joaquin Buckley,Nassourdine Imavov,"Sep. 3, 2022",2.0,-5.0,1.0,-2.0,-0.6600000000000001,-0.06999999999999984,-0.18610752876304104,0.69,0.09523809523809523,-0.9,-0.08538587848932677,8.0,0.3025210084033614,0.0,0
Dricus Du Plessis,Israel Adesanya,"Aug. 17, 2024",-5.0,-3.0,-4.0,-1.5,1.1799999999999997,1.02,0.0056773868374441205,1.8499999999999999,0.0,0.45999999999999996,0.0888888888888888,-3.0,-0.29166666666666663,0.0,1
Israel Adesanya,Dricus Du Plessis,"Aug. 17, 2024",5.0,3.0,4.0,1.5,-1.1799999999999997,-1.02,-0.0056773868374441205,-1.8499999999999999,0.0,-0.45999999999999996,-0.0888888888888888,3.0,0.29166666666666663,0.0,0
Dricus Du Plessis,Robert Whittaker,"Jul. 8, 2023",-3.0,1.0,2.5,0.0,0.7999999999999998,0.8400000000000003,0.055607345113017737,1.19,-0.05079365079365079,0.6,0.13213213213213204,-10.0,-0.05357142857142855,0.27976190476190477,1
Robert Whittaker,Dricus Du Plessis,"Jul. 8, 2023",3.0,-1.0,-2.5,0.0,-0.7999999999999998,-0.8400000000000003,-0.055607345113017737,-1.19,0.05079365079365079,-0.6,-0.13213213213213204,10.0,0.05357142857142855,-0.27976190476190477,0
Nassourdine Imavov,Caio Borralho,"Sep. 6, 2025",-3.0,1.5,0.0,0.0,0.81,0.56,-0.013884700184758514,-0.51,0.03296703296703296,0.59,-0.09047619047619049,1.0,0.13398692810457513,0.01307189542483661,1
Caio Borralho,Nassourdine Imavov,"Sep. 6, 2025",3.0,-1.5,0.0,0.0,-0.81,-0.56,0.013884700184758514,0.51,-0.03296703296703296,-0.59,0.09047619047619049,-1.0,-0.13398692810457513,-0.01307189542483661,0
Nassourdine Imavov,Israel Adesanya,"Feb. 1, 2025",-7.0,-1.0,-5.0,-2.5,0.25,-0.050000000000000266,0.0660018541849906,0.69,0.0,0.84,0.00952380952380949,-9.0,-0.2549019607843137,0.0,1
Israel Adesanya,Nassourdine Imavov,"Feb. 1, 2025",7.0,1.0,5.0,2.5,-0.25,0.050000000000000266,-0.0660018541849906,-0.69,0.0,-0.84,-0.00952380952380949,9.0,0.2549019607843137,0.0,0
Nassourdine Imavov,Brendan Allen,"Sep. 28, 2024",0.0,1.0,0.0,0.0,0.5300000000000002,-0.6099999999999999,0.025685789427149275,-0.78,0.03571428571428571,-0.08000000000000007,0.01540616246498605,-13.0,0.1895424836601307,-0.28322440087145967,1
Brendan Allen,Nassourdine Imavov,"Sep. 28, 2024",0.0,-1.0,0.0,0.0,-0.5300000000000002,0.6099999999999999,-0.025685789427149275,0.78,-0.03571428571428571,0.08000000000000007,-0.01540616246498605,13.0,-0.1895424836601307,0.28322440087145967,0
Nassourdine Imavov,Jared Cannonier,"Jun. 8, 2024",-12.0,4.0,-2.5,0.5,0.03000000000000025,-1.1900000000000004,0.056133792610997935,-0.030000000000000027,0.04112554112554112,0.98,0.16666666666666663,-7.0,-0.19934640522875824,0.12418300653594772,1
Jared Cannonier,Nassourdine Imavov,"Jun. 8, 2024",12.0,-4.0,2.5,-0.5,-0.03000000000000025,1.1900000000000004,-0.056133792610997935,0.030000000000000027,-0.04112554112554112,-0.98,-0.16666666666666663,7.0,0.19934640522875824,-0.12418300653594772,0
Nassourdine Imavov,Roman Dolidze,"Feb. 3, 2024",-8.0,1.0,-1.0,1.0,1.0900000000000003,-0.54,0.13366291145516213,-0.41999999999999993,-0.20982142857142858,0.24,0.059523809523809534,1.0,-0.1215686274509804,0.03529411764705881,1
Roman Dolidze,Nassourdine Imavov,"Feb. 3, 2024",8.0,-1.0,1.0,-1.0,-1.0900000000000003,0.54,-0.13366291145516213,0.41999999999999993,0.20982142857142858,-0.24,-0.059523809523809534,-1.0,0.1215686274509804,-0.03529411764705881,0
Brendan Allen,Reinier de Ridder,"Oct. 18, 2025",-5.0,-2.0,-3.0,1.0,1.2799999999999998,1.42,0.038457898876869734,-1.04,-0.06845238095238096,0.51,-0.045882352941176485,9.0,-0.015873015873015872,-0.10052910052910058,1
Reinier de Ridder,Brendan Allen,"Oct. 18, 2025",5.0,2.0,3.0,-1.0,-1.2799999999999998,-1.42,-0.038457898876869734,1.04,0.06845238095238096,-0.51,0.045882352941176485,-9.0,0.015873015873015872,0.10052910052910058,0
Anthony Hernandez,Brendan Allen,"Feb. 22, 2025",2.0,-2.0,0.0,-2.0,0.8200000000000003,-0.6799999999999997,0.08400427621688433,4.359999999999999,0.0,0.5699999999999998,0.03921568627450989,-16.0,-0.0222222222222222,0.08148148148148149,1
Brendan Allen,Anthony Hernandez,"Feb. 22, 2025",-2.0,2.0,0.0,2.0,-0.8200000000000003,0.6799999999999997,-0.08400427621688433,-4.359999999999999,0.0,-0.5699999999999998,-0.03921568627450989,16.0,0.0222222222222222,-0.08148148148148149,0
Caio Borralho,Reinier de Ridder,"Mar. 7, 2026",-2.0,-2.5,-3.0,1.0,1.0,0.25,0.07802838848877752,-1.31,-0.06570512820512821,-0.16000000000000003,0.06000000000000005,-5.0,0.03968253968253971,-0.39682539682539686,1
Reinier de Ridder,Caio Borralho,"Mar. 7, 2026",2.0,2.5,3.0,-1.0,-1.0,-0.25,-0.07802838848877752,1.31,0.06570512820512821,0.16000000000000003,-0.06000000000000005,5.0,-0.03968253968253971,0.39682539682539686,0
Caio Borralho,Jared Cannonier,"Aug. 24, 2024",-9.0,2.5,-2.5,0.5,-0.7799999999999998,-1.7500000000000004,0.07001849279575645,0.48,0.00815850815850816,0.39,0.2571428571428571,-8.0,-0.33333333333333337,0.1111111111111111,1
Jared Cannonier,Caio Borralho,"Aug. 24, 2024",9.0,-2.5,2.5,-0.5,0.7799999999999998,1.7500000000000004,-0.07001849279575645,-0.48,-0.00815850815850816,-0.39,-0.2571428571428571,8.0,0.33333333333333337,-0.1111111111111111,0
Caio Borralho,Abus Magomedov,"Nov. 4, 2023",-2.0,-0.5,-3.0,-1.0,0.41000000000000014,-0.73,0.0769126107088342,-1.25,0.0,-0.18999999999999995,0.11621621621621625,-17.0,-0.2049808429118774,-0.05363984674329503,1
Abus Magomedov,Caio Borralho,"Nov. 4, 2023",2.0,0.5,3.0,1.0,-0.41000000000000014,0.73,-0.0769126107088342,1.25,0.0,0.18999999999999995,-0.11621621621621625,17.0,0.2049808429118774,0.05363984674329503,0
Anthony Hernandez,Roman Dolidze,"Aug. 9, 2025",-6.0,-2.0,-1.0,-1.0,1.3800000000000003,-0.6099999999999999,0.19198139824489718,4.72,0.0,0.8899999999999999,0.08333333333333337,-2.0,-0.3333333333333333,0.39999999999999997,1
Roman Dolidze,Anthony Hernandez,"Aug. 9, 2025",6.0,2.0,1.0,1.0,-1.3800000000000003,0.6099999999999999,-0.19198139824489718,-4.72,0.0,-0.8899999999999999,-0.08333333333333337,2.0,0.3333333333333333,-0.39999999999999997,0
Joe Pyfer,Israel Adesanya,"Mar. 28, 2026",-8.0,-2.0,-5.0,-3.5,-0.5100000000000002,0.0,-0.04086539270415873,1.4,0.0,0.77,0.042105263157894646,-11.0,-0.04166666666666663,0.0,1
Israel Adesanya,Joe Pyfer,"Mar. 28, 2026",8.0,2.0,5.0,3.5,0.5100000000000002,0.0,0.04086539270415873,-1.4,0.0,-0.77,-0.042105263157894646,11.0,0.04166666666666663,0.0,0
Joe Pyfer,Abus Magomedov,"Oct. 4, 2025",-6.0,0.0,-3.0,-2.0,0.45999999999999996,-0.11999999999999966,-0.043839336365073645,-1.05,0.0,0.33000000000000007,0.05832147937411092,-18.0,0.1422413793103448,-0.025862068965517238,1
Abus Magomedov,Joe Pyfer,"Oct. 4, 2025",6.0,0.0,3.0,2.0,-0.45999999999999996,0.11999999999999966,0.043839336365073645,1.05,0.0,-0.33000000000000007,-0.05832147937411092,18.0,-0.1422413793103448,0.025862068965517238,0
Israel Adesanya,Jared Cannonier,"Jul. 2, 2022",-5.0,5.0,2.5,3.0,-0.21999999999999975,-1.1400000000000001,-0.00986806157399267,-0.72,0.0,0.14,0.15714285714285714,2.0,0.05555555555555547,0.0,1
Jared Cannonier,Israel Adesanya,"Jul. 2, 2022",5.0,-5.0,-2.5,-3.0,0.21999999999999975,1.1400000000000001,0.00986806157399267,0.72,0.0,-0.14,-0.15714285714285714,-2.0,-0.05555555555555547,0.0,0
Israel Adesanya,Robert Whittaker,"Feb. 12, 2022",2.0,4.0,6.5,1.5,-0.3799999999999999,-0.17999999999999972,0.049929958275573616,-0.6599999999999999,0.0,0.14,0.043243243243243246,-7.0,0.23809523809523808,0.0,1
Robert Whittaker,Israel Adesanya,"Feb. 12, 2022",-2.0,-4.0,-6.5,-1.5,0.3799999999999999,0.17999999999999972,-0.049929958275573616,0.6599999999999999,0.0,-0.14,-0.043243243243243246,7.0,-0.23809523809523808,0.0,0
Israel Adesanya,Paulo Costa,"Sep. 26, 2020",2.0,3.0,8.0,5.0,-2.12,-2.7399999999999998,-0.10885182677524696,-0.25,0.0,0.14,0.0,10.0,-0.08333333333333337,0.0,1
Paulo Costa,Israel Adesanya,"Sep. 26, 2020",-2.0,-3.0,-8.0,-5.0,2.12,2.7399999999999998,0.10885182677524696,0.25,0.0,-0.14,0.0,-10.0,0.08333333333333337,0.0,0
Reinier de Ridder,Robert Whittaker,"Jul. 26, 2025",0.0,4.0,4.5,-2.0,-1.94,-1.04,0.05178812415654521,1.85,0.008928571428571438,0.55,0.08324324324324317,-12.0,-0.19047619047619047,0.44047619047619047,1
Robert Whittaker,Reinier de Ridder,"Jul. 26, 2025",0.0,-4.0,-4.5,2.0,1.94,1.04,-0.05178812415654521,-1.85,-0.008928571428571438,-0.55,-0.08324324324324317,12.0,0.19047619047619047,-0.44047619047619047,0
Reinier de Ridder,Bo Nickal,"May. 3, 2025",5.0,3.0,2.0,-1.0,-0.8899999999999997,0.42999999999999994,-0.13240962254120153,-0.56,0.05153508771929825,-1.72,-0.06000000000000005,15.0,-0.20634920634920634,0.17460317460317465,1
Bo Nickal,Reinier de Ridder,"May. 3, 2025",-5.0,-3.0,-2.0,1.0,0.8899999999999997,-0.42999999999999994,0.13240962254120153,0.56,-0.05153508771929825,1.72,0.06000000000000005,-15.0,0.20634920634920634,-0.17460317460317465,0
Christian Leroy Duncan,Jared Cannonier,"Jul. 18, 2026",-12.0,3.0,1.5,0.5,0.20000000000000018,-2.0000000000000004,0.08607223062513414,-0.34,0.0,0.0,0.23949579831932766,-11.0,0.05555555555555547,-0.04444444444444444,1
Jared Cannonier,Christian Leroy Duncan,"Jul. 18, 2026",12.0,-3.0,-1.5,-0.5,-0.20000000000000018,2.0000000000000004,-0.08607223062513414,0.34,0.0,0.0,-0.23949579831932766,11.0,-0.05555555555555547,0.04444444444444444,0
Christian Leroy Duncan,Roman Dolidze,"Mar. 21, 2026",-8.0,0.0,3.0,1.0,1.2600000000000002,-1.35,0.16360134946929833,-0.73,0.0,-0.74,0.13235294117647056,-3.0,0.1333333333333333,-0.13333333333333336,1
Roman Dolidze,Christian Leroy Duncan,"Mar. 21, 2026",8.0,0.0,-3.0,-1.0,-1.2600000000000002,1.35,-0.16360134946929833,0.73,0.0,0.74,-0.13235294117647056,3.0,-0.1333333333333333,0.13333333333333336,0
Gregory Rodrigues,Christian Leroy Duncan,"Jul. 27, 2024",4.0,1.0,-4.0,1.0,1.08,2.4200000000000004,-0.06400478889225769,1.47,0.0,0.38,-0.12235294117647055,8.0,-0.03508771929824561,0.09122807017543859,1
Christian Leroy Duncan,Gregory Rodrigues,"Jul. 27, 2024",-4.0,-1.0,4.0,-1.0,-1.08,-2.4200000000000004,0.06400478889225769,-1.47,0.0,-0.38,0.12235294117647055,-8.0,0.03508771929824561,-0.09122807017543859,0
Jared Cannonier,Gregory Rodrigues,"Feb. 15, 2025",8.0,-4.0,2.5,-1.5,-1.2800000000000002,-0.41999999999999993,-0.022067441732876447,-1.13,-0.1324876673713883,-0.38,-0.1171428571428571,3.0,-0.020467836257309857,-0.04678362573099415,1
Gregory Rodrigues,Jared Cannonier,"Feb. 15, 2025",-8.0,4.0,-2.5,1.5,1.2800000000000002,0.41999999999999993,0.022067441732876447,1.13,0.1324876673713883,0.38,0.1171428571428571,-3.0,0.020467836257309857,0.04678362573099415,0
Robert Whittaker,Jared Cannonier,"Oct. 24, 2020",-7.0,1.0,-4.0,1.5,0.16000000000000014,-0.9600000000000004,-0.059798019849566286,-0.06000000000000005,0.06493506493506493,0.0,0.1138996138996139,9.0,-0.1825396825396826,0.06746031746031747,1
Jared Cannonier,Robert Whittaker,"Oct. 24, 2020",7.0,-1.0,4.0,-1.5,-0.16000000000000014,0.9600000000000004,0.059798019849566286,0.06000000000000005,-0.06493506493506493,0.0,-0.1138996138996139,-9.0,0.1825396825396826,-0.06746031746031747,0
Dominick Reyes,Jared Cannonier,"May. 19, 2018",-6.0,5.0,-0.5,2.0,0.7400000000000002,-0.9600000000000004,0.04284052165758834,-0.52,0.11255411255411255,0.25,0.11904761904761896,-7.0,0.01388888888888884,0.013888888888888895,1
Jared Cannonier,Dominick Reyes,"May. 19, 2018",6.0,-5.0,0.5,-2.0,-0.7400000000000002,0.9600000000000004,-0.04284052165758834,0.52,-0.11255411255411255,-0.25,-0.11904761904761896,7.0,-0.01388888888888884,-0.013888888888888895,0
Robert Whittaker,Ikram Aliskerov,"Jun. 22, 2024",2.0,0.0,-2.5,3.0,-1.1499999999999995,-0.6099999999999999,-0.17220279720279724,-3.11,0.0,-0.7,-0.14324324324324322,17.0,0.03968253968253965,-0.09920634920634921,1
Ikram Aliskerov,Robert Whittaker,"Jun. 22, 2024",-2.0,0.0,2.5,-3.0,1.1499999999999995,0.6099999999999999,0.17220279720279724,3.11,0.0,0.7,0.14324324324324322,-17.0,-0.03968253968253965,0.09920634920634921,0
Carlos Ulberg,Dominick Reyes,"Sep. 27, 2025",-1.0,0.0,0.0,0.0,1.58,0.6300000000000003,0.021481845868931537,0.28,0.2571428571428572,-0.07,0.17559523809523814,-5.0,0.04166666666666663,-0.058333333333333334,1
Dominick Reyes,Carlos Ulberg,"Sep. 27, 2025",1.0,0.0,0.0,0.0,-1.58,-0.6300000000000003,-0.021481845868931537,-0.28,-0.2571428571428572,0.07,-0.17559523809523814,5.0,-0.04166666666666663,0.058333333333333334,0
Carlos Ulberg,Alonzo Menifield,"May. 11, 2024",-3.0,4.0,1.0,2.5,2.7300000000000004,0.2200000000000002,0.026422640678339437,0.050000000000000044,0.0,-0.010000000000000009,0.21750000000000003,-9.0,0.05555555555555547,-0.09999999999999999,1
Alonzo Menifield,Carlos Ulberg,"May. 11, 2024",3.0,-4.0,-1.0,-2.5,-2.7300000000000004,-0.2200000000000002,-0.026422640678339437,-0.050000000000000044,0.0,0.010000000000000009,-0.21750000000000003,9.0,-0.05555555555555547,0.09999999999999999,0
Magomed Ankalaev,Johnny Walker,"Jan. 13, 2024",0.0,-3.0,-7.0,1.5,-0.25,-0.40000000000000036,-0.02207797642086773,0.43000000000000005,0.0,-0.73,0.1875,-8.0,-0.24891774891774887,0.0,1
Johnny Walker,Magomed Ankalaev,"Jan. 13, 2024",0.0,3.0,7.0,-1.5,0.25,0.40000000000000036,0.02207797642086773,-0.43000000000000005,0.0,0.73,-0.1875,8.0,0.24891774891774887,0.0,0
Paulo Costa,Azamat Murzakanov,"Apr. 11, 2026",-2.0,3.0,0.5,-1.5,1.75,2.76,0.028933030202065724,-0.38000000000000006,0.0,-0.23,-0.14117647058823524,3.0,0.0,0.0,1
Azamat Murzakanov,Paulo Costa,"Apr. 11, 2026",2.0,-3.0,-0.5,1.5,-1.75,-2.76,-0.028933030202065724,0.38000000000000006,0.0,0.23,0.14117647058823524,-3.0,0.0,0.0,0
Robert Whittaker,Paulo Costa,"Feb. 17, 2024",0.0,-1.0,1.5,3.5,-1.7400000000000002,-2.56,-0.15878178505082058,0.41,0.0,0.0,-0.043243243243243246,17.0,-0.32142857142857145,0.11607142857142858,1
Paulo Costa,Robert Whittaker,"Feb. 17, 2024",0.0,1.0,-1.5,-3.5,1.7400000000000002,2.56,0.15878178505082058,-0.41,0.0,0.0,0.043243243243243246,-17.0,0.32142857142857145,-0.11607142857142858,0
Jamahal Hill,Johnny Walker,"Feb. 19, 2022",1.0,-2.0,-3.0,-1.0,2.2900000000000005,1.04,-0.03143132942814042,-0.36,0.0,-0.73,0.0625,-16.0,-0.18939393939393934,0.0,1
Johnny Walker,Jamahal Hill,"Feb. 19, 2022",-1.0,2.0,3.0,1.0,-2.2900000000000005,-1.04,0.03143132942814042,0.36,0.0,0.73,-0.0625,16.0,0.18939393939393934,0.0,0
Azamat Murzakanov,Alonzo Menifield,"Aug. 3, 2024",-1.0,-2.0,-4.5,0.0,0.5600000000000005,-0.6099999999999999,0.03215100815100813,0.20000000000000007,0.0,0.04000000000000001,0.2211764705882353,-8.0,0.13888888888888884,-0.10416666666666666,1
Alonzo Menifield,Azamat Murzakanov,"Aug. 3, 2024",1.0,2.0,4.5,0.0,-0.5600000000000005,0.6099999999999999,-0.03215100815100813,-0.20000000000000007,0.0,-0.04000000000000001,-0.2211764705882353,8.0,-0.13888888888888884,0.10416666666666666,0
Azamat Murzakanov,Dustin Jacoby,"Apr. 15, 2023",-1.0,-5.0,-4.5,-4.0,-1.0,-0.7199999999999998,0.08026285509729214,0.36000000000000004,-0.058333333333333334,0.23,0.2536764705882353,-15.0,0.06818181818181823,0.0,1
Dustin Jacoby,Azamat Murzakanov,"Apr. 15, 2023",1.0,5.0,4.5,4.0,1.0,0.7199999999999998,-0.08026285509729214,-0.36000000000000004,0.058333333333333334,-0.23,-0.2536764705882353,15.0,-0.06818181818181823,0.0,0
Bogdan Guskov,Ryan Spann,"Apr. 27, 2024",-1.0,-2.0,-3.0,-4.5,0.7600000000000002,-0.52,0.1166119486066775,-1.21,0.0,-1.66,0.17142857142857137,-14.0,0.5416666666666667,-0.41666666666666674,1
Ryan Spann,Bogdan Guskov,"Apr. 27, 2024",1.0,2.0,3.0,4.5,-0.7600000000000002,0.52,-0.1166119486066775,1.21,0.0,1.66,-0.17142857142857137,14.0,-0.5416666666666667,0.41666666666666674,0
Dominick Reyes,Johnny Walker,"Apr. 11, 2026",2.0,-2.0,-5.0,-1.0,1.0900000000000003,0.4099999999999997,-0.01310456183572073,-0.10999999999999999,0.0,-0.48,0.07440476190476186,-11.0,-0.1477272727272727,-0.011363636363636354,1
Johnny Walker,Dominick Reyes,"Apr. 11, 2026",-2.0,2.0,5.0,1.0,-1.0900000000000003,-0.4099999999999997,0.01310456183572073,0.10999999999999999,0.0,0.48,-0.07440476190476186,11.0,0.1477272727272727,0.011363636363636354,0
Dominick Reyes,Dustin Jacoby,"Jun. 8, 2024",-2.0,1.0,1.0,-1.5,-0.41000000000000014,-0.52,0.05305264175569191,-0.07,0.01785714285714285,0.25,0.07440476190476186,-11.0,-0.05681818181818177,0.0,1
Dustin Jacoby,Dominick Reyes,"Jun. 8, 2024",2.0,-1.0,-1.0,1.5,0.41000000000000014,0.52,-0.05305264175569191,0.07,-0.01785714285714285,-0.25,-0.07440476190476186,11.0,0.05681818181818177,0.0,0
Ryan Spann,Dominick Reyes,"Nov. 12, 2022",-2.0,1.0,2.0,2.0,-1.8800000000000003,0.52,-0.1398339626884551,0.96,0.0,1.41,-0.07619047619047614,14.0,-0.3333333333333333,0.45833333333333337,1
Dominick Reyes,Ryan Spann,"Nov. 12, 2022",2.0,-1.0,-2.0,-2.0,1.8800000000000003,-0.52,0.1398339626884551,-0.96,0.0,-1.41,0.07619047619047614,-14.0,0.3333333333333333,-0.45833333333333337,0
Johnny Walker,Ryan Spann,"Sep. 19, 2020",0.0,1.0,3.0,-1.0,0.79,-0.9299999999999997,0.15293852452417583,-0.85,0.0,-0.9299999999999999,0.0017857142857142794,-3.0,0.481060606060606,-0.446969696969697,1
Ryan Spann,Johnny Walker,"Sep. 19, 2020",0.0,-1.0,-3.0,1.0,-0.79,0.9299999999999997,-0.15293852452417583,0.85,0.0,0.9299999999999999,-0.0017857142857142794,3.0,-0.481060606060606,0.446969696969697,0
Alonzo Menifield,Dustin Jacoby,"Dec. 16, 2023",0.0,-3.0,0.0,-4.0,-1.5600000000000005,-0.10999999999999988,0.04811184694628401,0.15999999999999998,0.0,0.19,0.03249999999999997,-7.0,-0.07070707070707061,0.0,1
Dustin Jacoby,Alonzo Menifield,"Dec. 16, 2023",0.0,3.0,0.0,4.0,1.5600000000000005,0.10999999999999988,-0.04811184694628401,-0.15999999999999998,0.0,-0.19,-0.03249999999999997,7.0,0.07070707070707061,0.0,0
Alexander Volkov,Waldo Cortes Acosta,"May. 9, 2026",3.0,3.0,2.0,4.0,-0.5,-0.73,0.09354893840794054,0.14,0.0,0.12,-0.06568627450980391,31.0,0.07058823529411762,0.0411764705882353,1
Waldo Cortes Acosta,Alexander Volkov,"May. 9, 2026",-3.0,-3.0,-2.0,-4.0,0.5,0.73,-0.09354893840794054,-0.14,0.0,-0.12,0.06568627450980391,-31.0,-0.07058823529411762,-0.0411764705882353,0
Alexander Volkov,Sergei Pavlovich,"Jun. 22, 2024",3.0,4.0,-4.0,2.5,0.34999999999999964,-0.6800000000000002,0.13290108051870336,0.07000000000000006,0.0,0.22,-0.09068627450980393,27.0,-0.16190476190476188,0.0,1
Sergei Pavlovich,Alexander Volkov,"Jun. 22, 2024",-3.0,-4.0,4.0,-2.5,-0.34999999999999964,0.6800000000000002,-0.13290108051870336,-0.07000000000000006,0.0,-0.22,0.09068627450980393,-27.0,0.16190476190476188,0.0,0
Alexander Volkov,Marcin Tybura,"Oct. 30, 2021",-3.0,4.0,2.0,1.5,1.2799999999999998,-0.3599999999999999,0.09752151990355173,-0.76,0.15307971014492755,0.11,0.0737874097007224,13.0,0.22962962962962963,-0.15925925925925924,1
Marcin Tybura,Alexander Volkov,"Oct. 30, 2021",3.0,-4.0,-2.0,-1.5,-1.2799999999999998,0.3599999999999999,-0.09752151990355173,0.76,-0.15307971014492755,-0.11,-0.0737874097007224,-13.0,-0.22962962962962963,0.15925925925925924,0
Curtis Blaydes,Alexander Volkov,"Jun. 20, 2020",-2.0,-3.0,0.0,-1.5,-0.6600000000000001,-0.14000000000000012,-0.05834665787060844,4.58,-0.0733695652173913,-0.22,-0.02431372549019606,-26.0,0.08421052631578951,0.0,1
Alexander Volkov,Curtis Blaydes,"Jun. 20, 2020",2.0,3.0,0.0,1.5,0.6600000000000001,0.14000000000000012,0.05834665787060844,-4.58,0.0733695652173913,0.22,0.02431372549019606,26.0,-0.08421052631578951,0.0,0
Derrick Lewis,Alexander Volkov,"Oct. 6, 2018",4.0,-4.0,-1.0,-4.0,-2.4299999999999997,-0.10999999999999988,-0.09036994619021088,-0.010000000000000009,-0.1842948717948718,-0.22,-0.1098951208390333,-8.0,0.22758620689655173,0.0,1
Alexander Volkov,Derrick Lewis,"Oct. 6, 2018",-4.0,4.0,1.0,4.0,2.4299999999999997,0.10999999999999988,0.09036994619021088,0.010000000000000009,0.1842948717948718,0.22,0.1098951208390333,8.0,-0.22758620689655173,0.0,0
Sergei Pavlovich,Waldo Cortes Acosta,"Aug. 23, 2025",0.0,-1.0,6.0,1.5,-0.8499999999999996,-0.04999999999999982,-0.03935214211076282,0.06999999999999995,0.0,-0.1,0.025000000000000022,4.0,0.2324929971988795,0.0,1
Waldo Cortes Acosta,Sergei Pavlovich,"Aug. 23, 2025",0.0,1.0,-6.0,-1.5,0.8499999999999996,0.04999999999999982,0.03935214211076282,-0.06999999999999995,0.0,0.1,-0.025000000000000022,-4.0,-0.2324929971988795,0.0,0
Sergei Pavlovich,Curtis Blaydes,"Apr. 22, 2023",-1.0,-1.0,4.0,-1.0,0.3100000000000005,0.8200000000000003,-0.07455442264809492,-4.65,0.0,0.0,0.11499999999999999,-1.0,0.07769423558897237,0.0,1
Curtis Blaydes,Sergei Pavlovich,"Apr. 22, 2023",1.0,1.0,-4.0,1.0,-0.3100000000000005,-0.8200000000000003,0.07455442264809492,4.65,0.0,0.0,-0.11499999999999999,1.0,-0.07769423558897237,0.0,0
Sergei Pavlovich,Derrick Lewis,"Jul. 30, 2022",-7.0,0.0,5.0,1.5,2.08,0.79,-0.04253113432849248,-0.06000000000000005,0.0,0.0,0.20058139534883723,-19.0,-0.06568144499178985,0.0,1
Derrick Lewis,Sergei Pavlovich,"Jul. 30, 2022",7.0,0.0,-5.0,-1.5,-2.08,-0.79,0.04253113432849248,0.06000000000000005,0.0,0.0,-0.20058139534883723,19.0,0.06568144499178985,0.0,0
Josh Hokit,Derrick Lewis,"Jun. 14, 2026",-13.0,-2.0,-5.5,-0.5,6.879999999999999,2.49,0.1581592456523001,3.2,-0.07557354925775978,0.41,0.32558139534883723,-33.0,-0.22758620689655173,0.0,1
Derrick Lewis,Josh Hokit,"Jun. 14, 2026",13.0,2.0,5.5,0.5,-6.879999999999999,-2.49,-0.1581592456523001,-3.2,0.07557354925775978,-0.41,-0.32558139534883723,33.0,0.22758620689655173,0.0,0
Josh Hokit,Curtis Blaydes,"Apr. 11, 2026",-7.0,-3.0,-6.5,-3.0,5.109999999999999,2.5200000000000005,0.12613595733269767,-1.3900000000000001,-0.18649885583524028,0.41,0.24,-15.0,-0.08421052631578951,0.0,1
Curtis Blaydes,Josh Hokit,"Apr. 11, 2026",7.0,3.0,6.5,3.0,-5.109999999999999,-2.5200000000000005,-0.12613595733269767,1.3900000000000001,0.18649885583524028,-0.41,-0.24,15.0,0.08421052631578951,0.0,0
Waldo Cortes Acosta,Derrick Lewis,"Jan. 24, 2026",-7.0,1.0,-1.0,0.0,2.9299999999999997,0.8399999999999999,-0.0031789922177296592,-0.13,0.0,0.1,0.1755813953488372,-23.0,-0.29817444219066935,0.0,1
Derrick Lewis,Waldo Cortes Acosta,"Jan. 24, 2026",7.0,-1.0,1.0,0.0,-2.9299999999999997,-0.8399999999999999,0.0031789922177296592,0.13,0.0,-0.1,-0.1755813953488372,23.0,0.29817444219066935,0.0,0
Waldo Cortes Acosta,Ante Delija,"Nov. 1, 2025",-2.0,0.5,0.0,-2.0,1.0599999999999996,-0.3200000000000003,0.10470467385721627,0.4,0.0,0.1,0.08529411764705885,-14.0,0.0678733031674208,-0.2104072398190045,1
Ante Delija,Waldo Cortes Acosta,"Nov. 1, 2025",2.0,-0.5,0.0,2.0,-1.0599999999999996,0.3200000000000003,-0.10470467385721627,-0.4,0.0,-0.1,-0.08529411764705885,14.0,-0.0678733031674208,0.2104072398190045,0
Waldo Cortes Acosta,Serghei Spivac,"Jun. 7, 2025",3.0,1.0,0.0,-0.5,1.77,-0.6000000000000005,0.008448665762098628,-3.42,0.0,-0.38,0.09999999999999998,-4.0,0.14052287581699346,-0.3856209150326797,1
Serghei Spivac,Waldo Cortes Acosta,"Jun. 7, 2025",-3.0,-1.0,0.0,0.5,-1.77,0.6000000000000005,-0.008448665762098628,3.42,0.0,0.38,-0.09999999999999998,4.0,-0.14052287581699346,0.3856209150326797,0
Waldo Cortes Acosta,Ryan Spann,"Mar. 15, 2025",0.0,-1.0,-1.0,-2.0,2.23,-0.29000000000000004,0.08939821838409773,-0.8099999999999999,0.0,-1.5599999999999998,0.16428571428571426,-15.0,0.23774509803921567,-0.5245098039215687,1
Ryan Spann,Waldo Cortes Acosta,"Mar. 15, 2025",0.0,1.0,1.0,2.0,-2.23,0.29000000000000004,-0.08939821838409773,0.8099999999999999,0.0,1.5599999999999998,-0.16428571428571426,15.0,-0.23774509803921567,0.5245098039215687,0
Serghei Spivac,Ante Delija,"Feb. 21, 2026",-5.0,-0.5,0.0,-1.5,-0.7100000000000004,0.28000000000000025,0.09625600809511764,3.82,0.0,0.48,-0.014705882352941124,-10.0,-0.07264957264957267,0.1752136752136752,1
Ante Delija,Serghei Spivac,"Feb. 21, 2026",5.0,0.5,0.0,1.5,0.7100000000000004,-0.28000000000000025,-0.09625600809511764,-3.82,0.0,-0.48,0.014705882352941124,10.0,0.07264957264957267,-0.1752136752136752,0
Serghei Spivac,Marcin Tybura,"Aug. 10, 2024",-9.0,0.0,0.0,-2.0,0.009999999999999787,0.9700000000000006,-0.0044760842664874345,2.5199999999999996,0.0,0.37,0.03947368421052633,-14.0,0.018518518518518545,0.18518518518518517,1
Marcin Tybura,Serghei Spivac,"Aug. 10, 2024",9.0,0.0,0.0,2.0,-0.009999999999999787,-0.9700000000000006,0.0044760842664874345,-2.5199999999999996,0.0,-0.37,-0.03947368421052633,14.0,-0.018518518518518545,-0.18518518518518517,0
Serghei Spivac,Derrick Lewis,"Feb. 5, 2023",-10.0,0.0,-1.0,0.5,1.1599999999999997,1.4400000000000004,-0.011627657979828288,3.29,0.0,0.48,0.07558139534883723,-19.0,-0.4386973180076628,0.0,1
Derrick Lewis,Serghei Spivac,"Feb. 5, 2023",10.0,0.0,1.0,-0.5,-1.1599999999999997,-1.4400000000000004,0.011627657979828288,-3.29,0.0,-0.48,-0.07558139534883723,19.0,0.4386973180076628,0.0,0
Curtis Blaydes,Rizvan Kuniev,"Jun. 21, 2025",1.0,0.0,4.0,5.0,0.23999999999999977,0.4299999999999997,-0.027221961886910284,4.140000000000001,0.0,0.0,-0.004705882352941115,8.0,0.22267206477732793,0.0,1
Rizvan Kuniev,Curtis Blaydes,"Jun. 21, 2025",-1.0,0.0,-4.0,-5.0,-0.23999999999999977,-0.4299999999999997,0.027221961886910284,-4.140000000000001,0.0,0.0,0.004705882352941115,-8.0,-0.22267206477732793,0.0,0
Derrick Lewis,Curtis Blaydes,"Feb. 20, 2021",6.0,-1.0,-1.0,-2.5,-1.7699999999999996,0.03000000000000025,-0.03202328831960244,-4.59,-0.11092530657748051,0.0,-0.08558139534883724,18.0,0.14337568058076222,0.0,1
Curtis Blaydes,Derrick Lewis,"Feb. 20, 2021",-6.0,1.0,1.0,2.5,1.7699999999999996,-0.03000000000000025,0.03202328831960244,4.59,0.11092530657748051,0.0,0.08558139534883724,-18.0,-0.14337568058076222,0.0,0
Ante Delija,Marcin Tybura,"Sep. 6, 2025",-4.0,0.5,0.0,-0.5,0.7200000000000002,0.6900000000000004,-0.10073209236160507,-1.3,0.0,-0.11,0.05417956656346745,-4.0,0.09116809116809121,0.009971509971509973,1
Marcin Tybura,Ante Delija,"Sep. 6, 2025",4.0,-0.5,0.0,0.5,-0.7200000000000002,-0.6900000000000004,0.10073209236160507,1.3,0.0,0.11,-0.05417956656346745,4.0,-0.09116809116809121,-0.009971509971509973,0
Tyrell Fortune,Marcin Tybura,"Mar. 28, 2026",-4.0,0.0,-2.5,0.0,-1.56,-0.1299999999999999,0.02638655170619153,1.7,0.4405797101449275,-0.11,0.14661654135338342,-17.0,0.2407407407407408,-0.2037037037037037,1
Marcin Tybura,Tyrell Fortune,"Mar. 28, 2026",4.0,0.0,2.5,0.0,1.56,0.1299999999999999,-0.02638655170619153,-1.7,-0.4405797101449275,0.11,-0.14661654135338342,17.0,-0.2407407407407408,0.2037037037037037,0
Derrick Lewis,Marcin Tybura,"Feb. 18, 2018",1.0,0.0,1.0,-2.5,-1.15,-0.46999999999999975,0.007151573713340853,-0.77,-0.031215161649944256,-0.11,-0.036107711138310905,5.0,0.45721583652618136,0.0,1
Marcin Tybura,Derrick Lewis,"Feb. 18, 2018",-1.0,0.0,-1.0,2.5,1.15,0.46999999999999975,-0.007151573713340853,0.77,0.031215161649944256,0.11,0.036107711138310905,-5.0,-0.45721583652618136,0.0,0
Marcin Tybura,Mick Parkin,"Mar. 22, 2025",10.0,-1.0,-1.0,3.0,-1.1400000000000001,-0.8700000000000001,-0.017911975435005112,-0.07999999999999985,0.0,-0.12000000000000001,-0.1985645933014354,27.0,-0.22962962962962963,0.15925925925925924,1
Mick Parkin,Marcin Tybura,"Mar. 22, 2025",-10.0,1.0,1.0,-3.0,1.1400000000000001,0.8700000000000001,0.017911975435005112,0.07999999999999985,0.0,0.12000000000000001,0.1985645933014354,-27.0,0.22962962962962963,-0.15925925925925924,0
Valentina Shevchenko,Zhang Weili,"Nov. 15, 2025",2.0,1.0,4.0,2.0,-1.62,-0.6299999999999999,-0.0006269218138937882,0.69,0.09814323607427056,-0.16000000000000003,-0.027956989247311825,1.0,-0.11538461538461536,-0.03846153846153849,1
Zhang Weili,Valentina Shevchenko,"Nov. 15, 2025",-2.0,-1.0,-4.0,-2.0,1.62,0.6299999999999999,0.0006269218138937882,-0.69,-0.09814323607427056,0.16000000000000003,0.027956989247311825,-1.0,0.11538461538461536,0.03846153846153849,0
Valentina Shevchenko,Manon Fiorot,"May. 10, 2025",2.0,-2.0,2.0,0.0,-1.5700000000000003,-1.2599999999999998,-0.0045571700720929975,1.3599999999999999,0.08906882591093118,-0.26000000000000006,-0.027956989247311825,16.0,-0.3076923076923077,0.0,1
Manon Fiorot,Valentina Shevchenko,"May. 10, 2025",-2.0,2.0,-2.0,0.0,1.5700000000000003,1.2599999999999998,0.0045571700720929975,-1.3599999999999999,-0.08906882591093118,0.26000000000000006,0.027956989247311825,-16.0,0.3076923076923077,0.0,0
Valentina Shevchenko,Alexa Grasso,"Sep. 14, 2024",6.0,0.0,1.0,0.5,-1.0700000000000003,-1.71,0.11515507518796991,2.25,0.056561085972850686,-0.38000000000000006,0.09957924263674622,8.0,0.01357466063348417,0.1515837104072398,1
Alexa Grasso,Valentina Shevchenko,"Sep. 14, 2024",-6.0,0.0,-1.0,-0.5,1.0700000000000003,1.71,-0.11515507518796991,-2.25,-0.056561085972850686,0.38000000000000006,-0.09957924263674622,-8.0,-0.01357466063348417,-0.1515837104072398,0
Zhang Weili,Tatiana Suarez,"Feb. 8, 2025",1.0,-1.0,-3.0,-3.0,1.8000000000000003,1.0,-0.07454704662676093,-2.5599999999999996,-0.22600186393289842,-0.21000000000000002,-0.06190476190476191,16.0,0.2692307692307692,-0.23076923076923073,1
Tatiana Suarez,Zhang Weili,"Feb. 8, 2025",-1.0,1.0,3.0,3.0,-1.8000000000000003,-1.0,0.07454704662676093,2.5599999999999996,0.22600186393289842,0.21000000000000002,0.06190476190476191,-16.0,-0.2692307692307692,0.23076923076923073,0
Zhang Weili,Amanda Lemos,"Aug. 19, 2023",-3.0,0.0,-2.0,0.0,1.9100000000000001,-0.3799999999999999,-0.026539875777098598,0.94,-0.04158215010141988,-0.29,0.18484848484848493,8.0,-0.11025641025641025,0.1076923076923077,1
Amanda Lemos,Zhang Weili,"Aug. 19, 2023",3.0,0.0,2.0,0.0,-1.9100000000000001,0.3799999999999999,0.026539875777098598,-0.94,0.04158215010141988,0.29,-0.18484848484848493,-8.0,0.11025641025641025,-0.1076923076923077,0
Rose Namajunas,Zhang Weili,"Nov. 6, 2021",-2.0,1.0,2.0,3.5,-1.1600000000000001,0.75,-0.11587551761168863,-0.49,0.24942528735632183,-0.10000000000000003,-0.21449275362318843,-7.0,-0.2897435897435897,0.09230769230769231,1
Zhang Weili,Rose Namajunas,"Nov. 6, 2021",2.0,-1.0,-2.0,-3.5,1.1600000000000001,-0.75,0.11587551761168863,0.49,-0.24942528735632183,0.10000000000000003,0.21449275362318843,7.0,0.2897435897435897,-0.09230769230769231,0
Rose Namajunas,Zhang Weili,"Apr. 24, 2021",-2.0,1.0,2.0,3.5,-1.1600000000000001,0.75,-0.11587551761168863,-0.49,0.24942528735632183,-0.10000000000000003,-0.21449275362318843,-7.0,-0.2897435897435897,0.09230769230769231,1
Zhang Weili,Rose Namajunas,"Apr. 24, 2021",2.0,-1.0,-2.0,-3.5,1.1600000000000001,-0.75,0.11587551761168863,0.49,-0.24942528735632183,0.10000000000000003,0.21449275362318843,7.0,0.2897435897435897,-0.09230769230769231,0
Natalia Silva,Rose Namajunas,"Jan. 24, 2026",-5.0,-1.0,0.0,-3.5,1.3099999999999996,-1.02,0.041592860426905964,-1.04,-0.06666666666666665,-0.35,0.117056856187291,3.0,0.11666666666666667,-0.050000000000000044,1
Rose Namajunas,Natalia Silva,"Jan. 24, 2026",5.0,1.0,0.0,3.5,-1.3099999999999996,1.02,-0.041592860426905964,1.04,0.06666666666666665,0.35,-0.117056856187291,-3.0,-0.11666666666666667,0.050000000000000044,0
Natalia Silva,Alexa Grasso,"May. 10, 2025",-3.0,-1.0,-1.0,-1.5,0.6999999999999993,-1.35,0.04149933981708104,0.02999999999999997,0.1411764705882353,-0.67,0.030100334448160626,3.0,-0.04411764705882354,0.23235294117647057,1
Alexa Grasso,Natalia Silva,"May. 10, 2025",3.0,1.0,1.0,1.5,-0.6999999999999993,1.35,-0.04149933981708104,-0.02999999999999997,-0.1411764705882353,0.67,-0.030100334448160626,-3.0,0.04411764705882354,-0.23235294117647057,0
Natalia Silva,Jasmine Jasudavicius,"Jun. 18, 2022",-8.0,-3.0,-3.0,-2.0,1.3399999999999994,-1.1,0.009670839927140462,-2.1999999999999997,0.16825396825396827,-0.54,-0.020242914979757054,7.0,0.11666666666666667,0.08333333333333331,1
Jasmine Jasudavicius,Natalia Silva,"Jun. 18, 2022",8.0,3.0,3.0,2.0,-1.3399999999999994,1.1,-0.009670839927140462,2.1999999999999997,-0.16825396825396827,0.54,0.020242914979757054,-7.0,-0.11666666666666667,-0.08333333333333331,0
Manon Fiorot,Jasmine Jasudavicius,"Oct. 18, 2025",-1.0,0.0,-3.0,0.0,1.1400000000000001,-0.20000000000000018,0.08788374537012233,-1.3399999999999999,-0.005430242272347535,0.010000000000000009,0.07719298245614037,-4.0,0.4820512820512821,0.0,1
Jasmine Jasudavicius,Manon Fiorot,"Oct. 18, 2025",1.0,0.0,3.0,0.0,-1.1400000000000001,0.20000000000000018,-0.08788374537012233,1.3399999999999999,0.005430242272347535,-0.010000000000000009,-0.07719298245614037,4.0,-0.4820512820512821,0.0,0
Manon Fiorot,Erin Blanchfield,"Mar. 30, 2024",9.0,3.0,-1.0,2.0,-0.6299999999999999,-0.9900000000000002,0.0868121860651142,-0.6699999999999999,-0.1864501679731243,-0.30999999999999994,-0.008333333333333304,-1.0,0.47252747252747257,0.0,1
Erin Blanchfield,Manon Fiorot,"Mar. 30, 2024",-9.0,-3.0,1.0,-2.0,0.6299999999999999,0.9900000000000002,-0.0868121860651142,0.6699999999999999,0.1864501679731243,0.30999999999999994,0.008333333333333304,1.0,-0.47252747252747257,0.0,0
Manon Fiorot,Rose Namajunas,"Sep. 2, 2023",2.0,2.0,0.0,-1.5,1.1100000000000003,-0.1200000000000001,0.11980576586988784,-0.17999999999999994,-0.24035087719298245,0.20000000000000007,0.21449275362318843,-8.0,0.4820512820512821,0.0,1
Rose Namajunas,Manon Fiorot,"Sep. 2, 2023",-2.0,-2.0,0.0,1.5,-1.1100000000000003,0.1200000000000001,-0.11980576586988784,0.17999999999999994,0.24035087719298245,-0.20000000000000007,-0.21449275362318843,8.0,-0.4820512820512821,0.0,0
Manon Fiorot,Tabatha Ricci,"Jun. 5, 2021",5.0,6.0,4.0,2.0,0.8400000000000003,-1.5300000000000002,0.16595853411790434,-1.08,-0.04312865497076024,0.4600000000000001,0.16078431372549018,-2.0,0.4487179487179488,0.0,1
Tabatha Ricci,Manon Fiorot,"Jun. 5, 2021",-5.0,-6.0,-4.0,-2.0,-0.8400000000000003,1.5300000000000002,-0.16595853411790434,1.08,0.04312865497076024,-0.4600000000000001,-0.16078431372549018,2.0,-0.4487179487179488,0.0,0
Mackenzie Dern,Virna Jandiroba,"Oct. 25, 2025",-5.0,1.0,-1.0,0.5,1.2000000000000002,1.0700000000000003,0.0028439596334748907,-2.1999999999999997,-0.019450800915331808,-0.32999999999999985,-0.08994708994709,-6.0,0.0,-0.10869565217391308,1
Virna Jandiroba,Mackenzie Dern,"Oct. 25, 2025",5.0,-1.0,1.0,-0.5,-1.2000000000000002,-1.0700000000000003,-0.0028439596334748907,2.1999999999999997,0.019450800915331808,0.32999999999999985,0.08994708994709,6.0,0.0,0.10869565217391308,0
Mackenzie Dern,Amanda Ribas,"Jan. 11, 2025",1.0,0.0,-3.0,0.5,-0.7899999999999996,0.6400000000000001,0.016559099935777533,-1.1199999999999997,-0.03446115288220551,0.5,0.11190476190476184,1.0,0.0,0.1923076923076923,1
Amanda Ribas,Mackenzie Dern,"Jan. 11, 2025",-1.0,0.0,3.0,-0.5,0.7899999999999996,-0.6400000000000001,-0.016559099935777533,1.1199999999999997,0.03446115288220551,-0.5,-0.11190476190476184,-1.0,0.0,-0.1923076923076923,0
Mackenzie Dern,Loopy Godinez,"Aug. 3, 2024",1.0,2.0,2.0,2.5,-0.9599999999999995,-0.009999999999999787,-0.07805724683735632,-2.06,-0.1464165733482643,0.2400000000000001,0.06190476190476191,1.0,0.0,0.35714285714285715,1
Loopy Godinez,Mackenzie Dern,"Aug. 3, 2024",-1.0,-2.0,-2.0,-2.5,0.9599999999999995,0.009999999999999787,0.07805724683735632,2.06,0.1464165733482643,-0.2400000000000001,-0.06190476190476191,-1.0,0.0,-0.35714285714285715,0
Amanda Lemos,Mackenzie Dern,"Feb. 17, 2024",6.0,0.0,2.0,-1.5,-0.7200000000000002,-0.9200000000000004,0.13738941607473482,0.08999999999999997,0.0456656346749226,-0.32000000000000006,-0.0800865800865801,1.0,0.0,-0.3,1
Mackenzie Dern,Amanda Lemos,"Feb. 17, 2024",-6.0,0.0,-2.0,1.5,0.7200000000000002,0.9200000000000004,-0.13738941607473482,-0.08999999999999997,-0.0456656346749226,0.32000000000000006,0.0800865800865801,-1.0,0.0,0.3,0
Mackenzie Dern,Angela Hill,"May. 20, 2023",-8.0,1.0,-1.5,-1.0,-1.9899999999999998,-1.0699999999999998,-0.09087659096588069,0.17000000000000004,-0.027937995674116797,0.89,0.21904761904761905,-14.0,0.0,0.0,1
Angela Hill,Mackenzie Dern,"May. 20, 2023",8.0,-1.0,1.5,1.0,1.9899999999999998,1.0699999999999998,0.09087659096588069,-0.17000000000000004,0.027937995674116797,-0.89,-0.21904761904761905,14.0,0.0,0.0,0
Mackenzie Dern,Virna Jandiroba,"Dec. 12, 2020",-5.0,1.0,-1.0,0.5,1.2000000000000002,1.0700000000000003,0.0028439596334748907,-2.1999999999999997,-0.019450800915331808,-0.32999999999999985,-0.08994708994709,-6.0,0.0,-0.10869565217391308,1
Virna Jandiroba,Mackenzie Dern,"Dec. 12, 2020",5.0,-1.0,1.0,-0.5,-1.2000000000000002,-1.0700000000000003,-0.0028439596334748907,2.1999999999999997,0.019450800915331808,0.32999999999999985,0.08994708994709,6.0,0.0,0.10869565217391308,0
Amanda Ribas,Mackenzie Dern,"Oct. 12, 2019",-1.0,0.0,3.0,-0.5,0.7899999999999996,-0.6400000000000001,-0.016559099935777533,1.1199999999999997,0.03446115288220551,-0.5,-0.11190476190476184,-1.0,0.0,-0.1923076923076923,1
Mackenzie Dern,Amanda Ribas,"Oct. 12, 2019",1.0,0.0,-3.0,0.5,-0.7899999999999996,0.6400000000000001,0.016559099935777533,-1.1199999999999997,-0.03446115288220551,0.5,0.11190476190476184,1.0,0.0,0.1923076923076923,0
Alexa Grasso,Maycee Barber,"Mar. 28, 2026",4.0,0.0,1.0,-0.5,-0.4499999999999993,0.9300000000000002,-0.12126979177273195,-1.1600000000000001,0.03179650238473768,0.5800000000000001,-0.09420289855072472,5.0,-0.10588235294117648,-0.01568627450980392,1
Maycee Barber,Alexa Grasso,"Mar. 28, 2026",-4.0,0.0,-1.0,0.5,0.4499999999999993,-0.9300000000000002,0.12126979177273195,1.1600000000000001,-0.03179650238473768,-0.5800000000000001,0.09420289855072472,-5.0,0.10588235294117648,0.01568627450980392,0
Alexa Grasso,Valentina Shevchenko,"Mar. 4, 2023",-6.0,0.0,-1.0,-0.5,1.0700000000000003,1.71,-0.11515507518796991,-2.25,-0.056561085972850686,0.38000000000000006,-0.09957924263674622,-8.0,-0.01357466063348417,-0.1515837104072398,1
Valentina Shevchenko,Alexa Grasso,"Mar. 4, 2023",6.0,0.0,1.0,0.5,-1.0700000000000003,-1.71,0.11515507518796991,2.25,0.056561085972850686,-0.38000000000000006,0.09957924263674622,8.0,0.01357466063348417,0.1515837104072398,0
Alexa Grasso,Maycee Barber,"Feb. 13, 2021",4.0,0.0,1.0,-0.5,-0.4499999999999993,0.9300000000000002,-0.12126979177273195,-1.1600000000000001,0.03179650238473768,0.5800000000000001,-0.09420289855072472,5.0,-0.10588235294117648,-0.01568627450980392,1
Maycee Barber,Alexa Grasso,"Feb. 13, 2021",-4.0,0.0,-1.0,0.5,0.4499999999999993,-0.9300000000000002,0.12126979177273195,1.1600000000000001,-0.03179650238473768,-0.5800000000000001,0.09420289855072472,-5.0,0.10588235294117648,0.01568627450980392,0
Tatiana Suarez,Alexa Grasso,"May. 19, 2018",3.0,0.0,0.0,1.5,-1.2500000000000004,-2.08,0.19032904362862463,4.119999999999999,0.18441971383147854,-0.010000000000000009,0.18944099378881996,-9.0,-0.14027149321266968,0.420814479638009,1
Alexa Grasso,Tatiana Suarez,"May. 19, 2018",-3.0,0.0,0.0,-1.5,1.2500000000000004,2.08,-0.19032904362862463,-4.119999999999999,-0.18441971383147854,0.010000000000000009,-0.18944099378881996,9.0,0.14027149321266968,-0.420814479638009,0
Erin Blanchfield,Tracy Cortez,"Nov. 15, 2025",-5.0,-1.0,0.5,-2.5,1.29,0.6400000000000001,-0.04124502477191844,-0.08000000000000007,0.0,0.5700000000000001,0.125,0.0,0.05952380952380952,0.27380952380952384,1
Tracy Cortez,Erin Blanchfield,"Nov. 15, 2025",5.0,1.0,-0.5,2.5,-1.29,-0.6400000000000001,0.04124502477191844,0.08000000000000007,0.0,-0.5700000000000001,-0.125,0.0,-0.05952380952380952,-0.27380952380952384,0
Erin Blanchfield,Rose Namajunas,"Nov. 2, 2024",-7.0,-1.0,1.0,-3.5,1.7400000000000002,0.8700000000000001,0.03299357980477363,0.49,-0.05390070921985815,0.51,0.22282608695652173,-7.0,0.009523809523809518,-0.04285714285714287,1
Rose Namajunas,Erin Blanchfield,"Nov. 2, 2024",7.0,1.0,-1.0,3.5,-1.7400000000000002,-0.8700000000000001,-0.03299357980477363,-0.49,0.05390070921985815,-0.51,-0.22282608695652173,7.0,-0.009523809523809518,0.04285714285714287,0
Erin Blanchfield,JJ Aldrich,"Jun. 4, 2022",-6.0,-1.0,-1.5,-1.0,1.3200000000000003,-0.08999999999999986,-0.017169841826990828,1.26,0.18951014349332013,0.86,0.19318181818181823,-6.0,-0.05714285714285716,0.0,1
JJ Aldrich,Erin Blanchfield,"Jun. 4, 2022",6.0,1.0,1.5,1.0,-1.3200000000000003,0.08999999999999986,0.017169841826990828,-1.26,-0.18951014349332013,-0.86,-0.19318181818181823,6.0,0.05714285714285716,0.0,0
Erin Blanchfield,Miranda Maverick,"Dec. 11, 2021",-2.0,0.5,0.5,-2.0,2.02,2.0,-0.0009608715409820667,-0.20000000000000018,0.07241508025382606,0.48,0.13586956521739135,-7.0,0.08403361344537814,-0.11344537815126049,1
Miranda Maverick,Erin Blanchfield,"Dec. 11, 2021",2.0,-0.5,-0.5,2.0,-2.02,-2.0,0.0009608715409820667,0.20000000000000018,-0.07241508025382606,-0.48,-0.13586956521739135,7.0,-0.08403361344537814,0.11344537815126049,0
Tatiana Suarez,Loopy Godinez,"Apr. 11, 2026",3.0,3.0,5.0,4.0,-1.5699999999999998,-2.31,0.10733934008704082,1.5299999999999994,0.08366877515813687,-0.15999999999999992,0.22857142857142865,-6.0,0.08241758241758243,0.3956043956043956,1
Loopy Godinez,Tatiana Suarez,"Apr. 11, 2026",-3.0,-3.0,-5.0,-4.0,1.5699999999999998,2.31,-0.10733934008704082,-1.5299999999999994,-0.08366877515813687,0.15999999999999992,-0.22857142857142865,6.0,-0.08241758241758243,-0.3956043956043956,0
Tatiana Suarez,Amanda Lemos,"Sep. 13, 2025",-4.0,1.0,1.0,3.0,0.10999999999999988,-1.38,0.04800717084966233,3.4999999999999996,0.18441971383147854,-0.07999999999999996,0.24675324675324684,-8.0,-0.37948717948717947,0.3384615384615384,1
Amanda Lemos,Tatiana Suarez,"Sep. 13, 2025",4.0,-1.0,-1.0,-3.0,-0.10999999999999988,1.38,-0.04800717084966233,-3.4999999999999996,-0.18441971383147854,0.07999999999999996,-0.24675324675324684,8.0,0.37948717948717947,-0.3384615384615384,0
Virna Jandiroba,Tabatha Ricci,"Apr. 4, 2026",7.0,2.0,3.0,1.0,-1.5,-1.9300000000000002,0.048334785928594026,0.7599999999999998,-0.036835748792270535,1.2999999999999998,0.14596949891067534,10.0,-0.12318840579710144,0.3586956521739131,1
Tabatha Ricci,Virna Jandiroba,"Apr. 4, 2026",-7.0,-2.0,-3.0,-1.0,1.5,1.9300000000000002,-0.048334785928594026,-0.7599999999999998,0.036835748792270535,-1.2999999999999998,-0.14596949891067534,-10.0,0.12318840579710144,-0.3586956521739131,0
Virna Jandiroba,Amanda Lemos,"Jul. 20, 2024",-1.0,-1.0,-1.0,1.0,-0.48,-0.1499999999999999,-0.1402333757082097,2.11,-0.026214833759590793,0.6499999999999999,0.1700336700336701,5.0,-0.48985507246376814,0.40869565217391307,1
Amanda Lemos,Virna Jandiroba,"Jul. 20, 2024",1.0,1.0,1.0,-1.0,0.48,0.1499999999999999,0.1402333757082097,-2.11,0.026214833759590793,-0.6499999999999999,-0.1700336700336701,-5.0,0.48985507246376814,-0.40869565217391307,0
Virna Jandiroba,Loopy Godinez,"Mar. 30, 2024",6.0,1.0,3.0,2.0,-2.1599999999999997,-1.08,-0.08090120647083121,0.13999999999999968,-0.12696577243293247,0.57,0.1518518518518519,7.0,-0.02795031055900621,0.46583850931677023,1
Loopy Godinez,Virna Jandiroba,"Mar. 30, 2024",-6.0,-1.0,-3.0,-2.0,2.1599999999999997,1.08,0.08090120647083121,-0.13999999999999968,0.12696577243293247,-0.57,-0.1518518518518519,-7.0,0.02795031055900621,-0.46583850931677023,0
Virna Jandiroba,Angela Hill,"May. 14, 2022",-3.0,0.0,-0.5,-1.5,-3.19,-2.14,-0.09372055059935558,2.37,-0.00848719475878499,1.22,0.30899470899470904,-8.0,-0.21967963386727687,0.0,1
Angela Hill,Virna Jandiroba,"May. 14, 2022",3.0,0.0,0.5,1.5,3.19,2.14,0.09372055059935558,-2.37,0.00848719475878499,-1.22,-0.30899470899470904,8.0,0.21967963386727687,0.0,0
Amanda Ribas,Virna Jandiroba,"Oct. 30, 2021",-6.0,1.0,2.0,0.0,1.9899999999999998,0.43000000000000016,-0.013715140302302642,-1.08,0.015010351966873704,-0.8299999999999998,-0.20185185185185184,-7.0,0.2642140468227425,-0.3010033444816054,1
Virna Jandiroba,Amanda Ribas,"Oct. 30, 2021",6.0,-1.0,-2.0,0.0,-1.9899999999999998,-0.43000000000000016,0.013715140302302642,1.08,-0.015010351966873704,0.8299999999999998,0.20185185185185184,7.0,-0.2642140468227425,0.3010033444816054,0
Raquel Pennington,Macy Chiasson,"Dec. 18, 2021",3.0,-4.0,-4.5,-5.0,0.8899999999999997,0.56,0.03122966112726172,-1.04,0.0,0.22999999999999998,-0.03167420814479638,9.0,-0.30113636363636365,-0.022727272727272707,1
Macy Chiasson,Raquel Pennington,"Dec. 18, 2021",-3.0,4.0,4.5,5.0,-0.8899999999999997,-0.56,-0.03122966112726172,1.04,0.0,-0.22999999999999998,0.03167420814479638,-9.0,0.30113636363636365,0.022727272727272707,0
Raquel Pennington,Miesha Tate,"Nov. 12, 2016",-2.0,1.0,2.5,-0.5,1.4799999999999995,0.27,0.04771265561709642,-1.1400000000000001,0.07298850574712643,-0.6,-0.05128205128205121,-4.0,-0.1375,-0.15000000000000002,1
Miesha Tate,Raquel Pennington,"Nov. 12, 2016",2.0,-1.0,-2.5,0.5,-1.4799999999999995,-0.27,-0.04771265561709642,1.1400000000000001,-0.07298850574712643,0.6,0.05128205128205121,4.0,0.1375,0.15000000000000002,0
Rose Namajunas,Miranda Maverick,"Jun. 14, 2025",5.0,1.5,-0.5,1.5,0.2799999999999998,1.13,-0.0339544513457557,-0.6900000000000002,0.12631578947368421,-0.030000000000000027,-0.08695652173913038,0.0,0.07450980392156863,-0.07058823529411762,1
Miranda Maverick,Rose Namajunas,"Jun. 14, 2025",-5.0,-1.5,0.5,-1.5,-0.2799999999999998,-1.13,0.0339544513457557,0.6900000000000002,-0.12631578947368421,0.030000000000000027,0.08695652173913038,0.0,-0.07450980392156863,0.07058823529411762,0
Rose Namajunas,Tracy Cortez,"Jul. 13, 2024",2.0,0.0,-0.5,1.0,-0.4500000000000002,-0.22999999999999998,-0.07423860457669207,-0.5700000000000001,0.0,0.06,-0.09782608695652173,7.0,0.05,0.3166666666666667,1
Tracy Cortez,Rose Namajunas,"Jul. 13, 2024",-2.0,0.0,0.5,-1.0,0.4500000000000002,0.22999999999999998,0.07423860457669207,0.5700000000000001,0.0,-0.06,0.09782608695652173,-7.0,-0.05,-0.3166666666666667,0
Rose Namajunas,Amanda Ribas,"Mar. 23, 2024",2.0,1.0,-1.0,2.5,-0.7599999999999998,0.08999999999999986,0.011533122621725123,-0.5799999999999998,0.21904761904761905,-0.21000000000000008,0.0021739130434782483,3.0,-0.17435897435897438,0.09230769230769231,1
Amanda Ribas,Rose Namajunas,"Mar. 23, 2024",-2.0,-1.0,1.0,-2.5,0.7599999999999998,-0.08999999999999986,-0.011533122621725123,0.5799999999999998,-0.21904761904761905,0.21000000000000008,-0.0021739130434782483,-3.0,0.17435897435897438,-0.09230769230769231,0
Rose Namajunas,Angela Hill,"Oct. 3, 2015",-7.0,2.0,0.5,1.0,-1.96,-1.62,-0.0959025682799331,0.71,0.22557077625570776,0.17999999999999997,0.10931677018633545,-12.0,-0.12982456140350876,0.0,1
Angela Hill,Rose Namajunas,"Oct. 3, 2015",7.0,-2.0,-0.5,-1.0,1.96,1.62,0.0959025682799331,-0.71,-0.22557077625570776,-0.17999999999999997,-0.10931677018633545,12.0,0.12982456140350876,0.0,0
Maycee Barber,Karine Silva,"Dec. 6, 2025",-4.0,0.0,-2.0,1.0,2.3199999999999994,0.03999999999999959,0.1446754040176299,-0.3699999999999999,-0.014639639639639636,-1.52,0.10256410256410264,-8.0,-0.07368421052631574,-0.28771929824561404,1
Karine Silva,Maycee Barber,"Dec. 6, 2025",4.0,0.0,2.0,-1.0,-2.3199999999999994,-0.03999999999999959,-0.1446754040176299,0.3699999999999999,0.014639639639639636,1.52,-0.10256410256410264,8.0,0.07368421052631574,0.28771929824561404,0
Maycee Barber,Amanda Ribas,"Jun. 24, 2023",-4.0,1.0,-1.0,1.0,0.2999999999999998,-0.5100000000000002,0.132896435004282,-0.48999999999999977,-0.020592020592020588,-0.4700000000000001,0.18333333333333335,-2.0,0.09230769230769231,-0.17435897435897438,1
Amanda Ribas,Maycee Barber,"Jun. 24, 2023",4.0,-1.0,1.0,-1.0,-0.2999999999999998,0.5100000000000002,-0.132896435004282,0.48999999999999977,0.020592020592020588,0.4700000000000001,-0.18333333333333335,2.0,-0.09230769230769231,0.17435897435897438,0
Maycee Barber,Miranda Maverick,"Jul. 24, 2021",-1.0,1.5,-0.5,0.0,1.3399999999999994,0.5299999999999998,0.08740886103680118,-0.6000000000000001,-0.11332385016595542,-0.29000000000000004,0.09420289855072472,-5.0,0.3411764705882353,-0.33725490196078434,1
Miranda Maverick,Maycee Barber,"Jul. 24, 2021",1.0,-1.5,0.5,0.0,-1.3399999999999994,-0.5299999999999998,-0.08740886103680118,0.6000000000000001,0.11332385016595542,0.29000000000000004,-0.09420289855072472,5.0,-0.3411764705882353,0.33725490196078434,0
Maycee Barber,Gillian Robertson,"Oct. 18, 2019",-3.0,0.0,2.0,2.5,1.8499999999999996,-0.08000000000000007,0.047582021209961356,-1.1999999999999997,-0.005231037489102003,-0.78,0.15333333333333332,-7.0,0.2235294117647059,-0.39607843137254906,1
Gillian Robertson,Maycee Barber,"Oct. 18, 2019",3.0,0.0,-2.0,-2.5,-1.8499999999999996,0.08000000000000007,-0.047582021209961356,1.1999999999999997,0.005231037489102003,0.78,-0.15333333333333332,7.0,-0.2235294117647059,0.39607843137254906,0
Maycee Barber,JJ Aldrich,"Mar. 23, 2019",-5.0,0.0,-2.5,1.0,0.6399999999999997,-1.56,0.07119989075079242,0.8600000000000001,0.0037712130735386568,0.09,0.1515151515151516,-4.0,0.2,0.0,1
JJ Aldrich,Maycee Barber,"Mar. 23, 2019",5.0,0.0,2.5,-1.0,-0.6399999999999997,1.56,-0.07119989075079242,-0.8600000000000001,-0.0037712130735386568,-0.09,-0.1515151515151516,4.0,-0.2,0.0,0
Gillian Robertson,Amanda Lemos,"Mar. 14, 2026",-8.0,1.0,-2.0,-0.5,-0.040000000000000036,-0.1499999999999999,-0.0686341022161917,1.7399999999999998,-0.026565464895635674,0.13,-0.0018181818181817189,3.0,-0.35686274509803917,0.32941176470588235,1
Amanda Lemos,Gillian Robertson,"Mar. 14, 2026",8.0,-1.0,2.0,0.5,0.040000000000000036,0.1499999999999999,0.0686341022161917,-1.7399999999999998,0.026565464895635674,-0.13,0.0018181818181817189,-3.0,0.35686274509803917,-0.32941176470588235,0
Tabatha Ricci,Gillian Robertson,"Jun. 24, 2023",0.0,-4.0,-2.0,0.5,1.06,1.9300000000000002,-0.11993405942061203,-0.3899999999999997,0.037186379928315416,-0.78,0.025882352941176467,-8.0,-0.009803921568627472,-0.27941176470588236,1
Gillian Robertson,Tabatha Ricci,"Jun. 24, 2023",0.0,4.0,2.0,-0.5,-1.06,-1.9300000000000002,0.11993405942061203,0.3899999999999997,-0.037186379928315416,0.78,-0.025882352941176467,8.0,0.009803921568627472,0.27941176470588236,0
Gillian Robertson,Piera Rodriguez,"Apr. 15, 2023",-2.0,2.0,-0.5,-0.5,-1.33,-0.27,0.015592821418064173,-1.2800000000000002,-0.020373514431239387,0.87,-0.17714285714285705,11.0,-0.24019607843137256,0.0,1
Piera Rodriguez,Gillian Robertson,"Apr. 15, 2023",2.0,-2.0,0.5,0.5,1.33,0.27,-0.015592821418064173,1.2800000000000002,0.020373514431239387,-0.87,0.17714285714285705,-11.0,0.24019607843137256,0.0,0
JJ Aldrich,Gillian Robertson,"Mar. 12, 2022",2.0,0.0,4.5,1.5,1.21,1.48,-0.02361786954083106,-2.0599999999999996,-0.00900225056264066,-0.87,0.0018181818181817189,-3.0,0.023529411764705882,0.0,1
Gillian Robertson,JJ Aldrich,"Mar. 12, 2022",-2.0,0.0,-4.5,-1.5,-1.21,-1.48,0.02361786954083106,2.0599999999999996,0.00900225056264066,0.87,-0.0018181818181817189,3.0,-0.023529411764705882,0.0,0
Miranda Maverick,Gillian Robertson,"Mar. 27, 2021",-2.0,-1.5,2.5,2.5,0.5100000000000002,-0.6099999999999999,-0.03982683982683982,-0.5999999999999996,0.10809281267685342,-0.49,0.0591304347826086,-2.0,-0.11764705882352942,-0.05882352941176472,1
Gillian Robertson,Miranda Maverick,"Mar. 27, 2021",2.0,1.5,-2.5,-2.5,-0.5100000000000002,0.6099999999999999,0.03982683982683982,0.5999999999999996,-0.10809281267685342,0.49,-0.0591304347826086,2.0,0.11764705882352942,0.05882352941176472,0
Fatima Kline,Tabatha Ricci,"Jul. 18, 2026",-5.0,5.0,6.0,1.0,1.1099999999999999,-2.33,0.11526178602587167,0.7599999999999998,-0.02182539682539683,0.13,0.20320855614973254,-6.0,0.23333333333333336,-0.15,1
Tabatha Ricci,Fatima Kline,"Jul. 18, 2026",5.0,-5.0,-6.0,-1.0,-1.1099999999999999,2.33,-0.11526178602587167,-0.7599999999999998,0.02182539682539683,-0.13,-0.20320855614973254,6.0,-0.23333333333333336,0.15,0
Fatima Kline,Angela Hill,"Nov. 15, 2025",-15.0,3.0,2.5,-1.5,-0.5800000000000001,-2.54,-0.026793550502077934,2.37,0.006523157208088715,0.04999999999999999,0.36623376623376624,-24.0,0.13684210526315793,0.0,1
Angela Hill,Fatima Kline,"Nov. 15, 2025",15.0,-3.0,-2.5,1.5,0.5800000000000001,2.54,0.026793550502077934,-2.37,-0.006523157208088715,-0.04999999999999999,-0.36623376623376624,24.0,-0.13684210526315793,0.0,0
Jasmine Jasudavicius,Fatima Kline,"Jul. 13, 2024",11.0,1.0,1.0,1.0,-1.4099999999999997,1.0,-0.03718699727808966,-0.5,-0.015873015873015872,0.32000000000000006,-0.11961722488038273,8.0,-0.2666666666666667,0.16666666666666666,1
Fatima Kline,Jasmine Jasudavicius,"Jul. 13, 2024",-11.0,-1.0,-1.0,-1.0,1.4099999999999997,-1.0,0.03718699727808966,0.5,0.015873015873015872,-0.32000000000000006,0.11961722488038273,-8.0,0.2666666666666667,-0.16666666666666666,0
Loopy Godinez,Tabatha Ricci,"Nov. 11, 2023",1.0,1.0,0.0,-1.0,0.6599999999999997,-0.8500000000000001,0.12923599239942524,0.6200000000000001,0.09013002364066194,0.73,-0.005882352941176561,3.0,-0.09523809523809523,-0.10714285714285715,1
Tabatha Ricci,Loopy Godinez,"Nov. 11, 2023",-1.0,-1.0,0.0,1.0,-0.6599999999999997,0.8500000000000001,-0.12923599239942524,-0.6200000000000001,-0.09013002364066194,-0.73,0.005882352941176561,-3.0,0.09523809523809523,0.10714285714285715,0
Angela Hill,Loopy Godinez,"Aug. 13, 2022",9.0,1.0,3.5,3.5,1.0300000000000002,1.06,0.012819344128524368,-2.2300000000000004,-0.11847857767414749,-0.6499999999999999,-0.15714285714285714,15.0,0.19172932330827067,0.0,1
Loopy Godinez,Angela Hill,"Aug. 13, 2022",-9.0,-1.0,-3.5,-3.5,-1.0300000000000002,-1.06,-0.012819344128524368,2.2300000000000004,0.11847857767414749,0.6499999999999999,0.15714285714285714,-15.0,-0.19172932330827067,0.0,0
Amanda Lemos,Angela Hill,"Dec. 18, 2021",-2.0,1.0,0.5,-2.5,-2.71,-1.9900000000000002,0.04651282510885413,0.26,0.017727639000805803,0.57,0.13896103896103895,-13.0,0.27017543859649124,0.0,1
Angela Hill,Amanda Lemos,"Dec. 18, 2021",2.0,-1.0,-0.5,2.5,2.71,1.9900000000000002,-0.04651282510885413,-0.26,-0.017727639000805803,-0.57,-0.13896103896103895,13.0,-0.27017543859649124,0.0,0
Tabatha Ricci,Amanda Ribas,"Jul. 26, 2025",-1.0,-3.0,-5.0,-1.0,-0.48999999999999977,1.5,-0.034619645626291384,0.3200000000000003,0.02182539682539683,-0.4700000000000001,0.055882352941176494,-3.0,-0.14102564102564105,-0.05769230769230771,1
Amanda Ribas,Tabatha Ricci,"Jul. 26, 2025",1.0,3.0,5.0,1.0,0.48999999999999977,-1.5,0.034619645626291384,-0.3200000000000003,-0.02182539682539683,0.4700000000000001,-0.055882352941176494,3.0,0.14102564102564105,0.05769230769230771,0
Tabatha Ricci,Angela Hill,"Aug. 24, 2024",-10.0,-2.0,-3.5,-2.5,-1.69,-0.20999999999999996,-0.1420553365279496,1.61,0.028348554033485546,-0.08000000000000002,0.1630252100840337,-18.0,-0.09649122807017543,0.0,1
Angela Hill,Tabatha Ricci,"Aug. 24, 2024",10.0,2.0,3.5,2.5,1.69,0.20999999999999996,0.1420553365279496,-1.61,-0.028348554033485546,0.08000000000000002,-0.1630252100840337,18.0,0.09649122807017543,0.0,0
Denise Gomes,Eduarda Moura,"Jun. 8, 2024",-6.0,-4.0,-4.0,-2.0,1.8599999999999999,0.6600000000000001,0.11306502775574939,-2.13,0.0,0.3,-0.05714285714285705,1.0,0.25000000000000006,0.0,1
Eduarda Moura,Denise Gomes,"Jun. 8, 2024",6.0,4.0,4.0,2.0,-1.8599999999999999,-0.6600000000000001,-0.11306502775574939,2.13,0.0,-0.3,0.05714285714285705,-1.0,-0.25000000000000006,0.0,0
Angela Hill,Denise Gomes,"Nov. 4, 2023",15.0,1.0,1.5,3.0,1.0300000000000002,1.8399999999999999,0.016585146571207077,-0.69,0.0,-0.5499999999999999,-0.25714285714285723,20.0,-0.3201754385964913,0.0,1
Denise Gomes,Angela Hill,"Nov. 4, 2023",-15.0,-1.0,-1.5,-3.0,-1.0300000000000002,-1.8399999999999999,-0.016585146571207077,0.69,0.0,0.5499999999999999,0.25714285714285723,-20.0,0.3201754385964913,0.0,0
Jasmine Jasudavicius,Karine Silva,"Apr. 18, 2026",5.0,2.0,1.0,1.0,1.23,0.7199999999999998,0.05523411213483853,0.7,-0.00992063492063492,-1.07,0.0587044534412956,-7.0,-0.3403508771929824,-0.15438596491228068,1
Karine Silva,Jasmine Jasudavicius,"Apr. 18, 2026",-5.0,-2.0,-1.0,-1.0,-1.23,-0.7199999999999998,-0.05523411213483853,-0.7,0.00992063492063492,1.07,-0.0587044534412956,7.0,0.3403508771929824,0.15438596491228068,0
Tracy Cortez,Jasmine Jasudavicius,"Sep. 16, 2023",-5.0,-2.0,-2.5,0.5,0.48,0.1499999999999999,0.04231658407692657,-0.5899999999999999,0.0,-0.25000000000000006,-0.03947368421052633,-3.0,-0.05,-0.18333333333333335,1
Jasmine Jasudavicius,Tracy Cortez,"Sep. 16, 2023",5.0,2.0,2.5,-0.5,-0.48,-0.1499999999999999,-0.04231658407692657,0.5899999999999999,0.0,0.25000000000000006,0.03947368421052633,3.0,0.05,0.18333333333333335,0
Jasmine Jasudavicius,Miranda Maverick,"Jun. 10, 2023",8.0,3.5,2.5,0.0,0.25,1.21,-0.0020324308459901963,0.46999999999999975,-0.1086048454469507,0.16000000000000003,0.05034324942791768,-4.0,0.07450980392156863,-0.20392156862745098,1
Miranda Maverick,Jasmine Jasudavicius,"Jun. 10, 2023",-8.0,-3.5,-2.5,0.0,-0.25,-1.21,0.0020324308459901963,-0.46999999999999975,0.1086048454469507,-0.16000000000000003,-0.05034324942791768,4.0,-0.07450980392156863,0.20392156862745098,0
Jasmine Jasudavicius,Gabriella Fernandes,"Feb. 25, 2023",5.0,1.0,2.0,0.5,-0.03999999999999959,-1.8499999999999996,-0.022940804240551393,2.21,0.0,0.33000000000000007,0.056140350877193046,4.0,-0.13939393939393938,-0.006060606060606044,1
Gabriella Fernandes,Jasmine Jasudavicius,"Feb. 25, 2023",-5.0,-1.0,-2.0,-0.5,0.03999999999999959,1.8499999999999996,0.022940804240551393,-2.21,0.0,-0.33000000000000007,-0.056140350877193046,-4.0,0.13939393939393938,0.006060606060606044,0
Wang Cong,Tracy Cortez,"Jul. 11, 2026",2.0,1.0,0.0,-2.0,2.87,-0.8799999999999999,0.1000887836084316,-1.42,0.0,0.33,0.15909090909090906,-5.0,0.11666666666666668,0.11666666666666668,1
Tracy Cortez,Wang Cong,"Jul. 11, 2026",-2.0,-1.0,0.0,2.0,-2.87,0.8799999999999999,-0.1000887836084316,1.42,0.0,-0.33,-0.15909090909090906,5.0,-0.11666666666666668,-0.11666666666666668,0
Wang Cong,Eduarda Moura,"Feb. 7, 2026",2.0,0.0,-1.5,-1.0,4.25,0.22999999999999998,0.20807499423214704,-2.96,0.0,0.2,0.051948051948051965,-3.0,-0.1333333333333333,-0.21666666666666667,1
Eduarda Moura,Wang Cong,"Feb. 7, 2026",-2.0,0.0,1.5,1.0,-4.25,-0.22999999999999998,-0.20807499423214704,2.96,0.0,-0.2,-0.051948051948051965,3.0,0.1333333333333333,0.21666666666666667,0
Gabriella Fernandes,Wang Cong,"Nov. 23, 2024",-2.0,0.0,0.5,1.0,-3.3100000000000005,2.5799999999999996,-0.11946456344480677,-0.2,0.0,-0.41000000000000003,-0.17575757575757578,4.0,0.0727272727272727,0.0727272727272727,1
Wang Cong,Gabriella Fernandes,"Nov. 23, 2024",2.0,0.0,-0.5,-1.0,3.3100000000000005,-2.5799999999999996,0.11946456344480677,0.2,0.0,0.41000000000000003,0.17575757575757578,-4.0,-0.0727272727272727,-0.0727272727272727,0
Joselyne Edwards,Norma Dumont,"Apr. 25, 2026",-5.0,1.0,3.0,0.5,0.7600000000000002,0.9299999999999997,0.021229042631830564,-0.1399999999999999,-0.13497453310696095,0.55,-0.0625,8.0,0.0,0.06837606837606836,1
Norma Dumont,Joselyne Edwards,"Apr. 25, 2026",5.0,-1.0,-3.0,-0.5,-0.7600000000000002,-0.9299999999999997,-0.021229042631830564,0.1399999999999999,0.13497453310696095,-0.55,0.0625,-8.0,0.0,-0.06837606837606836,0
Joselyne Edwards,Nora Cornolle,"Feb. 21, 2026",-6.0,1.0,3.0,1.0,1.8800000000000003,1.2199999999999998,-0.01972227854946096,1.07,0.0,0.33000000000000007,0.05769230769230771,11.0,-0.2222222222222222,0.0,1
Nora Cornolle,Joselyne Edwards,"Feb. 21, 2026",6.0,-1.0,-3.0,-1.0,-1.8800000000000003,-1.2199999999999998,0.01972227854946096,-1.07,0.0,-0.33000000000000007,-0.05769230769230771,-11.0,0.2222222222222222,0.0,0
Ailin Perez,Joselyne Edwards,"Jun. 1, 2024",1.0,-3.0,-4.0,-3.0,-1.7300000000000004,-1.6799999999999997,0.03176440309158546,3.6100000000000003,-0.009366636931311328,-0.38,0.1166666666666667,-9.0,-0.1367521367521367,-0.06837606837606836,1
Joselyne Edwards,Ailin Perez,"Jun. 1, 2024",-1.0,3.0,4.0,3.0,1.7300000000000004,1.6799999999999997,-0.03176440309158546,-3.6100000000000003,0.009366636931311328,0.38,-0.1166666666666667,9.0,0.1367521367521367,0.06837606837606836,0
Nora Cornolle,Joselyne Edwards,"Sep. 2, 2023",6.0,-1.0,-3.0,-1.0,-1.8800000000000003,-1.2199999999999998,0.01972227854946096,-1.07,0.0,-0.33000000000000007,-0.05769230769230771,-11.0,0.2222222222222222,0.0,1
Joselyne Edwards,Nora Cornolle,"Sep. 2, 2023",-6.0,1.0,3.0,1.0,1.8800000000000003,1.2199999999999998,-0.01972227854946096,1.07,0.0,0.33000000000000007,0.05769230769230771,11.0,-0.2222222222222222,0.0,0
Karol Rosa,Joselyne Edwards,"Feb. 6, 2021",1.0,-3.0,-2.5,-3.0,0.8599999999999994,1.0200000000000005,0.025204244418750688,-0.20999999999999996,0.0,-0.4,-0.04629629629629628,3.0,-0.23391812865497075,-0.11695906432748537,1
Joselyne Edwards,Karol Rosa,"Feb. 6, 2021",-1.0,3.0,2.5,3.0,-0.8599999999999994,-1.0200000000000005,-0.025204244418750688,0.20999999999999996,0.0,0.4,0.04629629629629628,-3.0,0.23391812865497075,0.11695906432748537,0
Norma Dumont,Karol Rosa,"Apr. 22, 2023",4.0,2.0,-0.5,2.5,-1.6199999999999997,-1.9500000000000002,-0.04643328705058125,0.34999999999999987,0.0,-0.15,0.10879629629629628,-11.0,0.0,0.04858299595141702,1
Karol Rosa,Norma Dumont,"Apr. 22, 2023",-4.0,-2.0,0.5,-2.5,1.6199999999999997,1.9500000000000002,0.04643328705058125,-0.34999999999999987,0.0,0.15,-0.10879629629629628,11.0,0.0,-0.04858299595141702,0
Macy Chiasson,Norma Dumont,"May. 7, 2022",-1.0,4.0,5.0,3.5,-0.6400000000000001,0.4299999999999997,-0.04911760112447294,0.44000000000000017,0.0,0.39,-0.1654411764705882,1.0,0.0,0.11888111888111885,1
Norma Dumont,Macy Chiasson,"May. 7, 2022",1.0,-4.0,-5.0,-3.5,0.6400000000000001,-0.4299999999999997,0.04911760112447294,-0.44000000000000017,0.0,-0.39,0.1654411764705882,-1.0,0.0,-0.11888111888111885,0
Ailin Perez,Macy Chiasson,"Feb. 28, 2026",-3.0,-6.0,-6.0,-6.0,-0.33000000000000007,-1.1799999999999997,0.10211104684788896,3.0300000000000002,0.0,-0.22,0.2196078431372549,-2.0,-0.05594405594405594,-0.11888111888111885,1
Macy Chiasson,Ailin Perez,"Feb. 28, 2026",3.0,6.0,6.0,6.0,0.33000000000000007,1.1799999999999997,-0.10211104684788896,-3.0300000000000002,0.0,0.22,-0.2196078431372549,2.0,0.05594405594405594,0.11888111888111885,0
Ailin Perez,Karol Rosa,"Jan. 18, 2025",0.0,0.0,-1.5,0.0,-2.59,-2.7,0.0065601586728347705,3.8200000000000003,0.0,0.020000000000000018,0.16296296296296298,-12.0,0.09716599190283404,0.04858299595141702,1
Karol Rosa,Ailin Perez,"Jan. 18, 2025",0.0,0.0,1.5,0.0,2.59,2.7,-0.0065601586728347705,-3.8200000000000003,0.0,-0.020000000000000018,-0.16296296296296298,12.0,-0.09716599190283404,-0.04858299595141702,0
Yana Santos,Macy Chiasson,"Oct. 4, 2025",2.0,-5.0,-3.5,-2.0,1.2000000000000002,0.3600000000000003,0.11810616284300501,-1.09,0.0,-0.29000000000000004,0.03294117647058825,8.0,0.048128342245989275,-0.213903743315508,1
Macy Chiasson,Yana Santos,"Oct. 4, 2025",-2.0,5.0,3.5,2.0,-1.2000000000000002,-0.3600000000000003,-0.11810616284300501,1.09,0.0,0.29000000000000004,-0.03294117647058825,-8.0,-0.048128342245989275,0.213903743315508,0
Yana Santos,Miesha Tate,"May. 3, 2025",-3.0,0.0,3.5,2.5,1.79,0.07000000000000028,0.13458915733283972,-1.19,-0.05784313725490196,-1.1199999999999999,0.01333333333333342,-5.0,0.2117647058823529,-0.3411764705882353,1
Miesha Tate,Yana Santos,"May. 3, 2025",3.0,0.0,-3.5,-2.5,-1.79,-0.07000000000000028,-0.13458915733283972,1.19,0.05784313725490196,1.1199999999999999,-0.01333333333333342,5.0,-0.2117647058823529,0.3411764705882353,0
Karol Rosa,Yana Santos,"Jul. 1, 2023",-5.0,-1.0,-1.0,-4.0,1.0599999999999996,1.1600000000000001,-0.02255527466795082,0.30000000000000004,0.0,0.04999999999999999,0.02370370370370367,2.0,-0.20123839009287925,0.04643962848297213,1
Yana Santos,Karol Rosa,"Jul. 1, 2023",5.0,1.0,1.0,4.0,-1.0599999999999996,-1.1600000000000001,0.02255527466795082,-0.30000000000000004,0.0,-0.04999999999999999,-0.02370370370370367,-2.0,0.20123839009287925,-0.04643962848297213,0
Luana Santos,Karol Rosa,"Jun. 20, 2026",-5.0,1.0,-0.5,3.0,-2.94,-1.83,-0.020362918250242168,1.06,0.0,0.82,0.14245014245014243,-14.0,-0.11961722488038276,0.3492822966507177,1
Karol Rosa,Luana Santos,"Jun. 20, 2026",5.0,-1.0,0.5,-3.0,2.94,1.83,0.020362918250242168,-1.06,0.0,-0.82,-0.14245014245014243,14.0,0.11961722488038276,-0.3492822966507177,0
Luana Santos,Melissa Croden,"Dec. 13, 2025",-9.0,-3.0,-1.5,-3.0,-1.7399999999999998,0.3200000000000003,0.06307746979388767,0.1200000000000001,0.0,0.6299999999999999,0.11888111888111885,2.0,-0.6590909090909091,0.32954545454545453,1
Melissa Croden,Luana Santos,"Dec. 13, 2025",9.0,3.0,1.5,3.0,1.7399999999999998,-0.3200000000000003,-0.06307746979388767,-0.1200000000000001,0.0,-0.6299999999999999,-0.11888111888111885,-2.0,0.6590909090909091,-0.32954545454545453,0
Jacqueline Cavalcanti,Nora Cornolle,"Sep. 28, 2024",-8.0,1.0,3.0,3.0,2.57,0.94,-0.08248925183419792,-0.22,0.0,-0.22,0.14102564102564108,-1.0,-0.36666666666666664,0.0,1
Nora Cornolle,Jacqueline Cavalcanti,"Sep. 28, 2024",8.0,-1.0,-3.0,-3.0,-2.57,-0.94,0.08248925183419792,0.22,0.0,0.22,-0.14102564102564108,1.0,0.36666666666666664,0.0,0
Karol Rosa,Nora Cornolle,"Aug. 2, 2025",-5.0,-2.0,0.5,-2.0,2.7399999999999998,2.24,0.005481965869289729,0.8600000000000001,0.0,-0.07,0.01139601139601143,14.0,-0.45614035087719296,-0.11695906432748537,1
Nora Cornolle,Karol Rosa,"Aug. 2, 2025",5.0,2.0,-0.5,2.0,-2.7399999999999998,-2.24,-0.005481965869289729,-0.8600000000000001,0.0,0.07,-0.01139601139601143,-14.0,0.45614035087719296,0.11695906432748537,0
Alessandro Costa,Kevin Borjas,"May. 4, 2024",2.0,-1.0,-1.0,0.0,-0.10000000000000009,-1.5599999999999996,0.03537817196353782,0.7,0.0,0.7,0.08522727272727271,6.0,-0.31550802139037437,0.0,1
Kevin Borjas,Alessandro Costa,"May. 4, 2024",-2.0,1.0,1.0,0.0,0.10000000000000009,1.5599999999999996,-0.03537817196353782,-0.7,0.0,-0.7,-0.08522727272727271,-6.0,0.31550802139037437,0.0,0
Nathaniel Wood,Charles Jourdain,"Sep. 3, 2022",2.0,-3.0,0.0,0.0,0.27999999999999936,0.13999999999999968,0.016893684211000792,0.9700000000000001,0.0,-0.14,0.12643678160919547,2.0,-0.09661835748792269,-0.17149758454106281,1
Charles Jourdain,Nathaniel Wood,"Sep. 3, 2022",-2.0,3.0,0.0,0.0,-0.27999999999999936,-0.13999999999999968,-0.016893684211000792,-0.9700000000000001,0.0,0.14,-0.12643678160919547,-2.0,0.09661835748792269,0.17149758454106281,0
Pat Sabatini,Joanderson Brito,"Apr. 5, 2025",4.0,0.0,-2.0,0.0,-0.69,-1.1199999999999999,0.03946205159803895,1.0399999999999996,0.01767565178965974,0.050000000000000044,0.05481481481481476,2.0,-0.3301435406698564,0.12440191387559807,1
Joanderson Brito,Pat Sabatini,"Apr. 5, 2025",-4.0,0.0,2.0,0.0,0.69,1.1199999999999999,-0.03946205159803895,-1.0399999999999996,-0.01767565178965974,-0.050000000000000044,-0.05481481481481476,-2.0,0.3301435406698564,-0.12440191387559807,0
Nathaniel Wood,Jose Miguel Delgado,"Oct. 25, 2025",4.0,-5.0,-4.0,-2.0,-0.4300000000000006,0.07000000000000028,-0.019861836670716837,-0.020000000000000018,0.0,0.47,-0.064039408866995,15.0,-0.15217391304347827,-0.11594202898550723,1
Jose Miguel Delgado,Nathaniel Wood,"Oct. 25, 2025",-4.0,5.0,4.0,2.0,0.4300000000000006,-0.07000000000000028,0.019861836670716837,0.020000000000000018,0.0,-0.47,0.064039408866995,-15.0,0.15217391304347827,0.11594202898550723,0
Grant Dawson,Rafa Garcia,"Oct. 12, 2024",1.0,3.0,2.0,3.0,-1.1400000000000001,-2.28,0.06796977806691995,0.3599999999999999,0.0,0.9600000000000001,0.03105590062111796,5.0,0.1030701754385965,0.16228070175438603,1
Rafa Garcia,Grant Dawson,"Oct. 12, 2024",-1.0,-3.0,-2.0,-3.0,1.1400000000000001,2.28,-0.06796977806691995,-0.3599999999999999,0.0,-0.9600000000000001,-0.03105590062111796,-5.0,-0.1030701754385965,-0.16228070175438603,0
Dustin Jacoby,Vitor Petrino,"Dec. 14, 2024",10.0,1.0,-1.5,2.5,2.16,1.21,-0.005639260823042835,-2.2800000000000002,-0.05448717948717949,-0.72,-0.1875,16.0,0.11038961038961037,0.0,1
Vitor Petrino,Dustin Jacoby,"Dec. 14, 2024",-10.0,-1.0,1.5,-2.5,-2.16,-1.21,0.005639260823042835,2.2800000000000002,0.05448717948717949,0.72,0.1875,-16.0,-0.11038961038961037,0.0,0
